job_name,job_area,salary,experience,edu,skill,welfare,company_name,industry,stage,population
Python,深圳·南山区,13-22K,1-3年,本科,Go Linux C++ 熟悉http 常用数据库,包吃，股票期权，年终奖，定期体检，餐补，员工旅游，带薪年假，补充医疗保险，加班补助，免费班车，五险一金，节日福利,腾讯,互联网,已上市,10000人以上
Python,深圳·南山区,15-30K,3-5年,本科,Django 分布式技术 GIT Redis Linux,餐补，五险一金，员工旅游，补充医疗保险，免费班车，带薪年假，全勤奖，年终奖，股票期权，节日福利，住房补贴，定期体检,腾讯互娱,游戏,不需要融资,10000人以上
Python,深圳·龙岗区,25-40K,不限,博士,深度学习算法 自然语言处理 推荐算法 深度学习框架 LSTM,补充医疗保险，带薪年假，节日福利，零食下午茶，通讯补贴，交通补助，加班补助，股票期权，住房补贴，五险一金，餐补，免费班车，定期体检，年终奖,华为,计算机软件,不需要融资,10000人以上
Python,深圳·龙岗区,25-40K,5-10年,本科,容器技术 深度学习算法 Linux Java 后端开发,节日福利，五险一金，员工旅游，加班补助，交通补助，年终奖，定期体检，带薪年假，补充医疗保险,华为技术有限公司,计算机软件,不需要融资,10000人以上
Python,深圳·龙岗区,12-20K,3-5年,本科,Linux Go语言 自动化部署 Docker 熟悉linux,节日福利，五险一金，零食下午茶，定期体检，餐补，员工旅游，年终奖，加班补助，免费班车，带薪年假,中软国际,计算机软件,已上市,10000人以上
Python,深圳,18-23K,5-10年,本科,Flask JavaScript HTML Java RESTful,年终奖，员工旅游，五险一金，免费班车，带薪年假，加班补助，定期体检，补充医疗保险，节日福利,文思海辉·金融,计算机软件,不需要融资,1000-9999人
Python,深圳·南山区,18-35K,5-10年,本科,系统架构 SDN openstack项目 ip协议 TCP,全勤奖，节日福利，补充医疗保险，员工旅游，年终奖，定期体检，带薪年假，零食下午茶，五险一金,平安科技,计算机软件,不需要融资,1000-9999人
Python,深圳,13-20K,3-5年,本科,HTML 消息队列 NoSQL数据库 Go语言 ELK,节日福利，零食下午茶，通讯补贴，五险一金,成都迈思创智科技公司,计算机软件,不需要融资,1000-9999人
Python,深圳·龙岗区,11-20K,1-3年,本科,Linux python开发工程师 熟悉linux操作系统 Python脚本 虚拟化,五险一金，零食下午茶，带薪年假，节日福利，加班补助，定期体检，免费班车,软通动力,计算机软件,已上市,10000人以上
Python,深圳·龙岗区,12-20K,3-5年,本科,机器学习 Java Scala 统招本科 开发经验,餐补，五险一金，带薪年假，加班补助，兴趣协会,深圳市凡厘科技有...,移动互联网,不需要融资,1000-9999人
Python,深圳·福田区,20-40K,3-5年,本科,Hadoop Java Tornado Web框架 Flask,带薪年假，定期体检，员工旅游，年终奖，节日福利，餐补，五险一金，补充医疗保险,金服银行科技中心,互联网金融,已上市,10000人以上
Python,深圳·南山区,10-20K,1-3年,本科,Linux 后端开发 python开发 网络协议 linux环境,员工旅游，全勤奖，零食下午茶，节日福利，年终奖，五险一金，股票期权，定期体检，餐补，交通补助，带薪年假,途游游戏,游戏,不需要融资,500-999人
Python,深圳·龙岗区,25-50K,3-5年,本科,自然语言处理 机器学习 推荐算法 算法工程师 架构师,节日福利，五险一金，通讯补贴，定期体检，零食下午茶，年终奖,深圳华为,通信/网络设备,不需要融资,10000人以上
Python,深圳,11-18K,3-5年,本科,深度学习算法 精通python Spark 相关算法 Hadoop,定期体检，员工旅游，零食下午茶，五险一金，带薪年假，企业文化，加班补助，节日福利，年终奖，全勤奖,法本,计算机软件,已上市,1000-9999人
Python,深圳·南山区,8-13K,1-3年,本科,Python python开发 运维,免费班车，餐补，节日福利，员工旅游，加班补助，五险一金，零食下午茶，交通补助，定期体检，带薪年假,易宝软件,计算机软件,不需要融资,500-999人
Python,深圳,14-18K,3-5年,本科,Shell Java 反爬 模拟登陆 Xpath,五险一金，年终奖，通讯补贴，股票期权，带薪年假，员工旅游,金证股份,计算机软件,已上市,1000-9999人
python,深圳,9-14K,1-3年,本科,C++ python开发 深度学习框架 算法基础 PyTorch,定期体检，加班补助，五险一金，节日福利，带薪年假，健康管理，年终奖，补充医疗保险，零食下午茶,上海微创软件,计算机软件,不需要融资,1000-9999人
Python,深圳·龙岗区,18-35K,3-5年,本科,Shell Linux Java 计算机软件 常用数据结构,加班补助，节日福利，免费班车，带薪年假，餐补，年终奖，交通补助，定期体检，零食下午茶，住房补贴，股票期权，五险一金，通讯补贴，补充医疗保险,华为,计算机软件,不需要融资,10000人以上
Python,深圳·龙岗区,13-20K,3-5年,本科,Flask Django Linux MySQL 大数据,节日福利，餐补，五险一金，免费班车，带薪年假，员工旅游，加班补助，零食下午茶，年终奖，定期体检,中软国际,计算机软件,已上市,10000人以上
Python,深圳·南山区,20-40K,3-5年,本科,Golang Devops LINUX下 性能调优 devops工具,年终奖，股票期权，带薪年假，定期体检，加班补助，免费班车，包吃，五险一金，餐补，补充医疗保险，员工旅游，节日福利,腾讯,互联网,已上市,10000人以上
Python,深圳,15-30K,1-3年,硕士,全栈开发 Shell JavaScript CSS C++,带薪年假，五险一金，节日福利，年终奖，交通补助，加班补助，补充医疗保险，员工旅游，定期体检,华为技术有限公司,计算机软件,不需要融资,10000人以上
Python,深圳·南山区,10-15K,3-5年,本科,Python Python脚本 开发工程师,包吃，免费班车，通讯补贴，零食下午茶，交通补助，股票期权，五险一金，带薪年假，节日福利，定期体检，员工旅游，餐补，年终奖,顺丰科技,互联网,不需要融资,1000-9999人
Python,深圳·龙岗区,15-22K,3-5年,本科,熟悉python MySQL数据库 JS Linux PHP培训讲师,加班补助，带薪年假，兴趣协会，五险一金，餐补,深圳市凡厘科技有...,移动互联网,不需要融资,1000-9999人
Python,深圳,13-17K,3-5年,本科,Web框架 Flask Django NumPy PostgreSQL,节日福利，零食下午茶，五险一金，通讯补贴,成都迈思创智科技公司,计算机软件,不需要融资,1000-9999人
python,深圳·南山区,15-16K,3-5年,大专,分布式技术 精通python Spark 相关算法 Hadoop,五险一金，加班补助，定期体检，员工旅游，带薪年假，企业文化，年终奖，全勤奖，零食下午茶，节日福利,法本,计算机软件,已上市,1000-9999人
Python 高级工程师,深圳·光明区,15-25K,3-5年,本科,Flask Django Redis MySQL Oracle,五险一金，交通补助，年终奖，节日福利，餐补，带薪年假，零食下午茶，通讯补贴，加班补助,格创东智,计算机服务,不需要融资,500-999人
python 开发工程师,深圳·南山区,13-20K,3-5年,本科,Shell C++ 熟悉linux操作系统 linux系统开发 工具链,节日福利，五险一金，带薪年假，零食下午茶,北京智蓝,计算机软件,不需要融资,500-999人
python,深圳·龙岗区,10-20K,3-5年,本科,Shell Celery Tornado Flask Scrapy,带薪年假，定期体检，五险一金，零食下午茶，加班补助，免费班车，节日福利,软通动力,计算机软件,已上市,10000人以上
Python,深圳,15-30K,10年以上,本科,Django 全栈开发 MySQL C++ 软件工程师,,北科威科技,计算机软件,不需要融资,0-20人
Python Web讲师,深圳,30-50K,3-5年,本科,Tornado Flask Django 熟悉http协议 数据库优化,定期体检，节日福利，交通补助，通讯补贴，年终奖，餐补，员工旅游，零食下午茶，补充医疗保险，带薪年假,传智播客,在线教育,不需要融资,1000-9999人
Python,深圳·龙岗区,15-30K,3-5年,本科,全栈开发 云计算 大数据 后端开发 Kubernetes,免费班车，补充医疗保险，定期体检，股票期权，住房补贴，年终奖，通讯补贴，五险一金，节日福利，加班补助，餐补，带薪年假，零食下午茶，交通补助,华为,计算机软件,不需要融资,10000人以上
python,深圳·南山区,11-20K,3-5年,本科,Tornado 精通python Django PyTorch Docker,交通补助，节日福利，员工旅游，年终奖，定期体检，免费班车，通讯补贴，五险一金，带薪年假,顺势腾辉科技,计算机软件,不需要融资,100-499人
Python,深圳·龙岗区,10-15K,3-5年,本科,Django Shell Linux C语言 后端开发,定期体检，加班补助，节日福利，零食下午茶，餐补，免费班车，交通补助，员工旅游，五险一金，带薪年假,易宝软件,计算机软件,不需要融资,500-999人
python,深圳,15-30K,3-5年,本科,反爬 SQLAlchemy 分布式爬虫 Xpath BeautifulSoup,带薪年假,博纳德科技,移动互联网,天使轮,1000-9999人
Python,深圳·南山区,20-40K,3-5年,本科,Go 架构师 Linux MySQL linux环境,包吃，带薪年假，五险一金，员工旅游，股票期权，补充医疗保险，加班补助，定期体检，年终奖，节日福利，免费班车，餐补,腾讯,互联网,已上市,10000人以上
Python,深圳·龙岗区,20-40K,5-10年,本科,Perl Java 熟悉linux操作系统 Shell 私有云,加班补助，五险一金，定期体检，补充医疗保险，节日福利，年终奖，员工旅游，交通补助，带薪年假,华为技术有限公司,计算机软件,不需要融资,10000人以上
python,深圳,12-20K,3-5年,本科,Shell 脚本语言 计算机相关 设计开发能力 文档编写能力,员工旅游，餐补，免费班车，年终奖，五险一金，加班补助，定期体检，零食下午茶，带薪年假，节日福利,中软国际,计算机软件,已上市,10000人以上
Python,深圳,15-30K,3-5年,本科,Flask Django 容器技术 Redis Linux,年终奖，股票期权，五险一金，节日福利，带薪年假，员工旅游，交通补助，通讯补贴，餐补,有传,社交网络,不需要融资,20-99人
Python,深圳·福田区,18-20K,5-10年,本科,HTML Django框架 RESTful postgresql数据库 Kubernetes,通讯补贴，五险一金，节日福利，零食下午茶,成都迈思创智科技公司,计算机软件,不需要融资,1000-9999人
Python,深圳·龙岗区,15-30K·15薪,3-5年,本科,Python 测试开发工程师 CI 工程开发,补充医疗保险，年终奖，零食下午茶，定期体检，员工旅游，节日福利，加班补助，五险一金，交通补助，带薪年假,深圳市海思半导,通信/网络设备,未融资,10000人以上
python,深圳,5-10K,在校/应届,本科,Sklearn NumPy Pandas MongoDB 数据抓取,零食下午茶，员工旅游，前沿技术，五险一金，提升与发展，带薪年假，节日福利，资源与机会,致远速联,计算机软件,不需要融资,100-499人
Python,深圳·福田区,3-4K,不限,不限,数据抓取 python标准库 BeautifulSoup Scrapy 爬虫,带薪年假，员工旅游，零食下午茶，五险一金，加班补助，节日福利,览众科技,计算机软件,已上市,100-499人
Python,深圳,8-13K,1-3年,大专,Flask Django 推荐算法 架构师 后端开发,,新诺网,计算机软件,不需要融资,0-20人
Python,深圳·南山区,10-15K,3-5年,本科,分布式技术 Linux 数据挖掘 MySQL Oracle,节日福利，五险一金,云图优聘,数据服务,不需要融资,20-99人
Python,深圳·龙岗区,8-13K,1-3年,本科,Tornado Flask Django api开发 服务端开发,年终奖，五险一金，员工旅游，零食下午茶，定期体检，带薪年假，节日福利，餐补，加班补助，全勤奖,途灵旅行,旅游,不需要融资,20-99人
Python,深圳·南山区,9-10K,1-3年,本科,Go C++ 逆向工程 Wireshark GDB,节日福利，全勤奖，加班补助，年终奖，员工旅游，带薪年假，五险一金，企业文化，零食下午茶，定期体检,法本,计算机软件,已上市,1000-9999人
Python,深圳·南山区,6-9K,1-3年,本科,机器学习 python开发 linux环境 熟悉机器学习 神经网络,,宽潮科技,计算机软件,不需要融资,0-20人
Python,深圳·龙华区,7-10K,1-3年,本科,JS Flask 精通python Django 熟悉前端,定期体检，五险一金，员工旅游，年终奖，餐补，带薪年假，零食下午茶,南伽科技,贸易/进出口,不需要融资,100-499人
Python,深圳·龙岗区,6-12K,1年以内,本科,后端开发 Tornado Flask Django api开发,员工旅游，加班补助，交通补助，餐补，补充医疗保险，零食下午茶，节日福利，股票期权，住房补贴，带薪年假，五险一金，免费班车，全勤奖，定期体检，通讯补贴，年终奖,天驴旅游,互联网,不需要融资,20-99人
Python,深圳·龙岗区,13-26K·16薪,1-3年,本科,容器技术 深度学习算法 数据挖掘 后端开发 计算机软件,加班补助，五险一金，通讯补贴，零食下午茶，住房补贴，定期体检，年终奖，补充医疗保险，节日福利，免费班车，餐补，股票期权，带薪年假，交通补助,华为,计算机软件,不需要融资,10000人以上
python,深圳·南山区,11-20K,3-5年,本科,Tornado 精通python Django PyTorch Docker,通讯补贴，交通补助，节日福利，员工旅游，带薪年假，定期体检，五险一金，年终奖，免费班车,顺势腾辉科技,计算机软件,不需要融资,100-499人
Python,深圳·南山区,20-30K,3-5年,本科,Linux OpenStack 多线程编程 熟悉linux操作系统 ip协议,股票期权，员工旅游，加班补助，五险一金，节日福利，餐补，年终奖，包吃，定期体检，免费班车，补充医疗保险，带薪年假,腾讯,互联网,已上市,10000人以上
Python,深圳·龙岗区,13-20K,3-5年,本科,Python 精通python 项目开发,带薪年假，加班补助，交通补助，年终奖，定期体检，五险一金，员工旅游，补充医疗保险，节日福利,华为技术有限公司,计算机软件,不需要融资,10000人以上
python,深圳,15-30K,3-5年,本科,云计算 设计数据模型 文档编写 SAAS 产品经理,免费班车，年终奖，餐补，节日福利，定期体检，五险一金，零食下午茶，员工旅游，带薪年假，加班补助,中软国际,计算机软件,已上市,10000人以上
Python 开发工程师,深圳·南山区,12-20K·14薪,1-3年,本科,Tornado Django HTML CSS web开发框架,交通补助，补充医疗保险，餐补，年终奖，带薪年假，节日福利，五险一金，加班补助，零食下午茶,米可世界,互联网,不需要融资,100-499人
Python 后端工程师,深圳·宝安区,15-30K·14薪,3-5年,本科,区块链 后端开发 ORM PostgreSQL 算法基础,带薪年假，补充医疗保险，加班补助，交通补助，人体工学座椅，零食下午茶，年终奖，节日福利，员工旅游，定期体检，免费健身房，Mac办公，五险一金,微诺,移动互联网,不需要融资,20-99人
Python,深圳·福田区,15-30K,3-5年,本科,后端开发 Tornado Flask Django 编码风格,,挠挠科技,互联网,未融资,0-20人
Python,深圳·南山区,15-30K,3-5年,本科,Web框架 高并发系统 熟练掌握mysql 熟悉linux系统 Golang,五险一金，年终奖，带薪年假，零食下午茶，节日福利，加班补助，定期体检，员工旅游,糗事百科,社交网络,A轮,100-499人
Python,深圳·南山区,12-22K,1-3年,本科,Flask PostgreSql 常用数据结构 MongoDB 开源项目,定期体检，员工旅游，大牛带队，零食下午茶，年终奖，带薪年假，节日福利，餐补，五险一金，股票期权,量城,数据服务,未融资,0-20人
Python,深圳·福田区,11-21K,不限,不限,Python 后端开发 后端开发工程师,带薪年假，五险一金，节日福利，通讯补贴，员工旅游，定期体检，零食下午茶，年终奖，补充医疗保险，股票期权,杉岩数据,计算机软件,B轮,100-499人
Python,深圳·宝安区,15-25K,不限,不限,Python 爬虫开发 后端开发,年终奖，五险一金，股票期权,品租科技,移动互联网,天使轮,20-99人
Python,深圳,11-20K,3-5年,本科,JavaScript PHP 搜索功能 熟悉php 计算机相关,,APPTUTTi,移动互联网,未融资,20-99人
Python,深圳·南山区,9-10K,1-3年,本科,Java SQLAlchemy OpenStack Docker 虚拟化技术,带薪年假，定期体检，员工旅游，企业文化，年终奖，节日福利，全勤奖，五险一金，零食下午茶，加班补助,法本,计算机软件,已上市,1000-9999人
python,深圳·南山区,15-25K,3-5年,本科,Linux Flask Django 熟悉http Docker容器,,易特科集团,医疗健康,未融资,100-499人
python,深圳,20-40K,3-5年,不限,Django Redis Go Web框架 python开发,交通补助，餐补，零食下午茶，住房补贴，带薪年假，节日福利，年终奖，通讯补贴，加班补助，员工旅游，全勤奖,深圳国会,互联网,未融资,20-99人
Python,深圳·南山区,20-40K,5-10年,本科,后端开发 Web框架 Flask Django 数据结构基础,股票期权，年终奖，五险一金,企保科技,互联网,A轮,20-99人
Python,深圳·南山区,13-25K,1-3年,本科,后端开发 Tornado Flask ORM Django,五险一金，节日福利,荔枝微课,互联网,A轮,100-499人
Python,深圳·南山区,15-30K,不限,本科,后端开发 内容抓取 IM 社区 社交软件,五险一金，定期体检,波普实验室,社交网络,天使轮,0-20人
Python,深圳,17-23K,5-10年,本科,Go C++ 消息队列 NoSQL数据库 Go语言,,光格,电子商务,未融资,0-20人
Python,深圳·南山区,25-40K·13薪,5-10年,本科,管理系统 CRM ERP Web框架 多进程,节日福利，年终奖，五险一金，带薪年假，股票期权，员工旅游,Bello,数据服务,A轮,20-99人
Python,深圳·龙华区,15-30K,1-3年,本科,系统架构 后端开发 算法 数学基础 机器人,,群秘,社交网络,天使轮,20-99人
Python,深圳·福田区,15-30K,3-5年,本科,数据挖掘 数据库 Pandas Git版本控制 后端程序,,云图智联,计算机软件,未融资,0-20人
Python,深圳·南山区,15-30K,5-10年,本科,系统架构 后端开发 Tornado 爬虫开发 Web框架,零食下午茶，五险一金，带薪年假，节日福利，年终奖，员工旅游，全勤奖,Webot,企业服务,B轮,100-499人
Python,深圳,13-25K,3-5年,本科,Celery Django框架 RabbitMQ 开源项目 Nginx,五险一金，员工旅游，带薪年假，定期体检，交通补助，年终奖，股票期权，节日福利，零食下午茶,橡树黑卡,移动互联网,天使轮,0-20人
Python,深圳·南山区,20-30K,3-5年,本科,数据库 后端开发 OpenStack 多线程编程 熟悉linux操作系统,节日福利，带薪年假，免费班车，补充医疗保险，加班补助，年终奖，包吃，定期体检，员工旅游，餐补，五险一金，股票期权,腾讯,互联网,已上市,10000人以上
python,深圳·南山区,11-20K,3-5年,本科,Tornado 精通python Django PyTorch Docker,免费班车，带薪年假，年终奖，定期体检，员工旅游，节日福利，五险一金，通讯补贴，交通补助,顺势腾辉科技,计算机软件,不需要融资,100-499人

job_name,job_area,salary,experience,edu,skill,welfare,company_name,industry,stage,population
Python,北京,15-30K,5-10年,本科,Flask 数据库 后端开发 消息队列 分布式计算,免费班车，定期体检，补充医疗保险，带薪年假，年终奖，五险一金，餐补，节日福利,金风科技,计算机软件,已上市,1000-9999人
Python,北京·朝阳区,15-30K,1-3年,本科,深度学习算法 数据挖掘 智能驾驶 地图导航 大数据,通讯补贴，带薪年假，定期体检，节日福利，餐补，补充医疗保险，五险一金，年终奖,亿咖通,互联网,不需要融资,1000-9999人
Python,北京·海淀区,15-30K,1-3年,本科,NLP Golang 后端开发 后台服务开发 Golang语言,股票期权，包吃，年终奖，带薪年假，补充医疗保险，加班补助，餐补，节日福利，员工旅游，定期体检，五险一金，免费班车,腾讯,互联网,已上市,10000人以上
Python,北京·海淀区,12-24K·14薪,3-5年,本科,网络爬虫技术 Hadoop 数据挖掘 网络安全 python类,零食下午茶，补充医疗保险，交通补助，加班补助，股票期权，通讯补贴，带薪年假，免费班车，五险一金，节日福利，定期体检，住房补贴，年终奖，餐补,华为,计算机软件,不需要融资,10000人以上
Python,北京·通州区,12-20K,1-3年,本科,机器学习 图像算法 精通python NumPy Pandas,,启迪桑德,O2O,已上市,10000人以上
Python,北京·海淀区,20-40K,1-3年,本科,爬虫工程师 分布式爬虫 反爬虫 信息抽取技术 Xpath,餐补，年终奖，带薪年假，定期体检，补充医疗保险，零食下午茶，五险一金，股票期权,旷视MEGVII,计算机服务,D轮及以上,1000-9999人
Python,北京·海淀区,20-40K,1-3年,本科,机器学习 Tornado web开发框架 Flask Mongo,餐补，通讯补贴，带薪年假，补充医疗保险，节日福利，五险一金，年终奖，加班补助，零食下午茶，交通补助，定期体检，免费班车，员工旅游,旷视科技(Face++),计算机服务,D轮及以上,1000-9999人
python,北京,15-25K·14薪,3-5年,本科,DPDK Shell Linux C语言 Java,带薪年假，定期体检，五险一金，加班补助，节日福利，零食下午茶，免费班车,软通动力,计算机软件,已上市,10000人以上
Python,北京·海淀区,15-30K·14薪,1-3年,本科,Java web开发框架 Flask Django 常用数据结构,购房福利，商业保险，五险一金，补充医疗保险，带薪年假，不定期培训，定期体检，节日福利，年终奖，全勤奖，餐补,好未来,互联网,已上市,10000人以上
Python,北京,20-40K·14薪,3-5年,本科,Java Web框架 网络协议 服务端开发 linux环境,餐补，股票期权，公积金高，包吃，定期体检，带薪年假，补充医疗保险，交通补助，年终奖，免费班车，节日福利，五险一金,小米,互联网,已上市,10000人以上
Python,北京·朝阳区,20-40K,5-10年,本科,Django 系统架构 Flask 消息队列 并发编程,带薪年假，定期体检，节日福利，餐补，五险一金，员工旅游，股票期权，免费班车，交通补助，年终奖，补充医疗保险，加班补助,阿里巴巴集团,互联网,已上市,10000人以上
Python,北京·朝阳区,20-40K,1-3年,本科,后端开发 编码习惯 服务器开发 熟悉linux 关系型数据库,餐补，年终奖，补充医疗保险，股票期权，五险一金，定期体检，零食下午茶，节日福利，包吃，带薪年假，员工旅游，通讯补贴，交通补助,一起教育科技,在线教育,D轮及以上,10000人以上
python,北京,20-30K·15薪,3-5年,本科,Tornado Flask Django 常用模块 Shell编程,项目奖金，每年调薪，节日福利，六险一金，员工旅游，晋升机制，周六日双休，3～6月年终，法定节假日,智牛数字科技,互联网,C轮,500-999人
Python,北京·朝阳区,30-50K·13薪,3-5年,本科,Flask Django Linux 后端开发 web开发框架,补充医疗保险，五险一金，年终奖，股票期权，餐补，节日福利，带薪年假，包吃，定期体检，员工旅游，免费班车,蚂蚁金服,互联网,不需要融资,10000人以上
Python,北京,15-20K,3-5年,本科,后端开发 python开发 api开发 Shell编程 Pandas,生日会，节日福利，带薪年假，补充医疗保险,北京趣活科技有限公司,移动互联网,D轮及以上,10000人以上
Python,北京·朝阳区,20-40K·14薪,3-5年,本科,Tornado Flask Django 自然语言处理 服务器配置,补充医疗保险，定期体检，交通补助，零食下午茶，股票期权，年终奖，带薪年假，五险一金，节日福利,老虎集团,互联网,已上市,500-999人
Python,北京·朝阳区,25-50K,3-5年,本科,系统架构 后端开发 熟悉分布式 解耦 高并发,节日福利，交通补助，补充医疗保险，零食下午茶，带薪年假，年终奖，免费班车，员工旅游，加班补助，定期体检，餐补，五险一金，股票期权,蚂蚁金服,互联网金融,D轮及以上,10000人以上
python,北京,15-25K·13薪,1-3年,本科,C++ C# UDP OpenCV 熟悉linux操作系统,五险一金，年终奖，节日福利，交通补助，餐补，通讯补贴，带薪年假，员工旅游,万集科技,智能硬件,已上市,1000-9999人
Python,北京·东城区,15-27K,5-10年,本科,负载均衡技术 Go Linux 网络安全 C++,节日福利，餐补，年终奖，五险一金，交通补助，补充医疗保险，零食下午茶，加班补助，带薪年假，员工旅游，通讯补贴,启迪国信,移动互联网,不需要融资,500-999人
Python,北京·朝阳区,18-30K,1-3年,本科,Tornado web开发框架 异步框架 Flask Mongo,免费班车，定期体检，五险一金，带薪年假，补充医疗保险，餐补，股票期权，员工旅游，交通补助，年终奖，节日福利,高德地图,互联网,已上市,1000-9999人
Python,北京·海淀区,25-50K·16薪,3-5年,本科,NoSQL MongoDB Redis Go MySQL,交通补助，节日福利，五险一金，带薪年假，餐补,掘金集团,企业服务,不需要融资,1000-9999人
Python,北京·海淀区,20-40K,1-3年,本科,深度学习框架 系统架构 精通python 编程风格 系统架构设计,带薪年假，加班补助，五险一金，零食下午茶，定期体检，交通补助，补充医疗保险，餐补,爱奇艺,互联网,已上市,1000-9999人
Python,北京·海淀区,18-30K,3-5年,本科,Shell Go 架构师 Linux MySQL,五险一金，定期体检，节日福利，加班补助，通讯补贴，年终奖，员工旅游，带薪年假，餐补,小赢科技,互联网,已上市,500-999人
Python,北京·海淀区,20-40K·15薪,不限,本科,数据库 后端开发 Tornado Web框架 Flask,零食下午茶，节日福利，餐补，年终奖，定期体检，五险一金，通讯补贴，补充医疗保险，带薪年假，交通补助，员工旅游，免费班车,中国电信云,计算机软件,已上市,1000-9999人
python,北京·朝阳区,15-30K,3-5年,本科,python相关 后端框架 数据抓取 熟悉linux Shell,定期体检，餐补，年终奖，住房补贴，员工旅游，五险一金，带薪年假，加班补助，补充医疗保险，零食下午茶,茂逊,电子商务,C轮,500-999人
Python,北京·海淀区,25-35K,10年以上,本科,Perl Java REST AWS Faster,加班补助，带薪年假，五险一金，年终奖，零食下午茶，员工旅游，节日福利，补充医疗保险，定期体检，通讯补贴,Veritas,企业服务,不需要融资,1000-9999人
Python,北京·海淀区,13-22K,1-3年,本科,PHP 软件工程师 数据爬取 ip协议 核心模块,带薪年假，加班补助，年终奖，交通补助，补充医疗保险，员工旅游，五险一金，定期体检，节日福利,华为技术有限公司,计算机软件,不需要融资,10000人以上
python,北京·海淀区,20-40K,不限,本科,深度学习算法 自然语言处理 MySQL Java 大数据,通讯补贴，年终奖，五险一金，定期体检，零食下午茶，节日福利,深圳华为,通信/网络设备,不需要融资,10000人以上
Python,北京·海淀区,20-40K,1-3年,本科,PHP Python 后端开发 医疗大数据,零食下午茶，补充医疗保险，股票期权，定期体检，年终奖，五险一金，包吃，节日福利，带薪年假,医渡云,互联网,C轮,1000-9999人
Python,北京·朝阳区,15-25K,1-3年,本科,后端开发 Tornado web开发框架 Flask 多进程,,掌阅科技,互联网,已上市,500-999人
Python,北京·朝阳区,15-25K,1-3年,本科,Python 后端开发 统招本科,加班补助，补充医疗保险,蓝天行动,汽车生产,不需要融资,10000人以上
Python,北京·海淀区,18-25K·14薪,5-10年,本科,Web框架 Flask 精通python Django API接口,带薪年假，员工旅游，通讯补贴，补充医疗保险，五险一金，交通补助，节日福利，定期体检，餐补,嘉和美康,计算机软件,C轮,1000-9999人
Python,北京·海淀区,15-20K,不限,本科,爬虫框架 分布式爬虫 Pyspider 信息抽取技术 Xpath,定期体检，零食下午茶，餐补，补充医疗保险，加班补助，节日福利，带薪年假，年终奖，员工旅游，五险一金，交通补助,搜狐,移动互联网,已上市,10000人以上
Python,北京·海淀区,20-30K,1-3年,本科,容器技术 分布式技术 架构师 云计算 管理系统,年终奖，免费班车，零食下午茶，通讯补贴，餐补，加班补助，带薪年假，交通补助，定期体检，节日福利，五险一金，住房补贴，补充医疗保险,百度,互联网,已上市,10000人以上
Python,北京·海淀区,15-25K,1-3年,本科,openstack开发 Kubernetes OpenStack Ceph Docker,年终奖，定期体检，交通补助，补充医疗保险，节日福利，五险一金，餐补，员工旅游，免费班车，通讯补贴，带薪年假,启明星辰,信息安全,已上市,1000-9999人
Python,北京·海淀区,15-25K,1-3年,本科,后端开发 后台开发 Go 测试工具 工具平台,年终奖，定期体检，补充医疗保险，股票期权，免费班车，交通补助，带薪年假，节日福利，五险一金，零食下午茶,滴滴出行,移动互联网,D轮及以上,1000-9999人
Python,北京·朝阳区,30-50K,5-10年,硕士,Linux 后端开发 python开发工程师 常用数据结构 分布式系统,年终奖，带薪年假，五险一金，定期体检，补充医疗保险，节日福利,国美金控,互联网金融,不需要融资,10000人以上
Python,北京·丰台区,11-19K,3-5年,本科,Django MySQL Oracle 证券 金融,节日福利，带薪年假，年终奖，五险一金，员工旅游，免费班车，加班补助，补充医疗保险，定期体检,文思海辉·金融,计算机软件,不需要融资,1000-9999人
Python,北京·海淀区,20-35K,3-5年,本科,Linux PHP 抽象能力 后端 医疗系统,节日福利，五险一金，股票期权，补充医疗保险，带薪年假，住房补贴，零食下午茶，定期体检，包吃，员工旅游，年终奖,医渡云,医疗健康,C轮,1000-9999人
Python,北京·海淀区,15-25K,3-5年,本科,Django 网络爬虫技术 ETL Linux MySQL,节日福利，年终奖，五险一金，带薪年假，交通补助，定期体检，员工旅游,慧聪网,互联网,已上市,1000-9999人
Python,北京·海淀区,10-20K,1-3年,本科,Linux 移动开发 数据库 常用数据库 机器学习算法,节日福利，五险一金,多牛传媒,广告营销,已上市,500-999人
python,北京·海淀区,11-17K,3-5年,本科,Python 熟悉python 数据库 计算机相关专业,免费班车，补充医疗保险，五险一金，员工旅游，带薪年假，节日福利，交通补助，定期体检，餐补，年终奖，通讯补贴，住房补贴，加班补助，股票期权,宇信科技,计算机软件,已上市,1000-9999人
Python(实习),北京,200-300/天,4天/周,6个月,网络爬虫技术 Java Python 后端开发 爬虫开发,定期体检，餐补，带薪年假，年终奖，五险一金，补充医疗保险，加班补助，节日福利，股票期权,搜狗,互联网,已上市,1000-9999人
python,北京·海淀区,11-18K,1-3年,本科,Sklearn NumPy Pandas 分布式框架 Hadoop,加班补助，通讯补贴，带薪年假，零食下午茶，节日福利，员工旅游，五险一金,艾融软件,互联网,已上市,1000-9999人
Python,北京·海淀区,10-20K,在校/应届,博士,机器学习 Python 少儿教育,,北京好象科技,移动互联网,不需要融资,10000人以上
Python,北京·丰台区,10-13K,3-5年,本科,Celery Django 消息队列 Saltstack Ansible,定期体检，年终奖，带薪年假，员工旅游，节日福利，五险一金，餐补,国通合众,计算机软件,不需要融资,500-999人
python 工程师,北京,20-35K·16薪,3-5年,本科,Flask Django 容器技术 全栈开发 JavaScript,五险一金，节日福利，带薪年假，交通补助，通讯补贴，住房补贴,北京直客通,旅游,C轮,500-999人
Python,北京,13-20K,3-5年,本科,C++ C语言 Python C,股票期权，五险一金，节日福利，零食下午茶，补充医疗保险，带薪年假，加班补助，年终奖，住房补贴，餐补，通讯补贴，免费班车，定期体检，交通补助,华为,计算机软件,不需要融资,10000人以上
Python,北京·朝阳区,25-50K,5-10年,本科,Linux 系统架构 熟悉多线程 服务封装 熟悉设计模式,免费班车，节日福利，年终奖，五险一金，餐补，补充医疗保险，加班补助，带薪年假，员工旅游，股票期权，定期体检，交通补助,阿里巴巴集团,互联网,已上市,10000人以上
Python,北京·朝阳区,10-11K,1-3年,本科,计算机软件 编码习惯 数据库设计 LNMP 熟练掌握php,节日福利，零食下午茶，股票期权，交通补助，住房补贴，包住，餐补,万米科技,数据服务,D轮及以上,1000-9999人
Python,北京,20-35K·14薪,3-5年,本科,Linux 后端开发 PostgreSql 网络编程 数据库存储,节日福利，加班补助，年终奖，免费班车，包吃，定期体检，员工旅游，带薪年假，餐补，股票期权，补充医疗保险，五险一金,腾讯,互联网,已上市,10000人以上
Python,北京·大兴区,10-15K,1-3年,本科,C语言 Java 大数据 游戏 编程教育,五险一金,乐博怡然,培训机构,已上市,500-999人
Python,北京·海淀区,9-10K,1-3年,本科,JS 单元测试 风控引擎 HTML CSS,节日福利，定期体检，带薪年假，五险一金，年终奖，补充医疗保险,阳光惠金所,互联网金融,不需要融资,500-999人
Python,北京·朝阳区,6-10K,1-3年,本科,数据库 python开发 熟悉redis PostgreSQL Http协议,全勤奖，五险一金,人人有信,数据服务,不需要融资,500-999人
Python,北京·海淀区,20-40K,5-10年,本科,数据库 后端开发 Flask 熟悉分布式 存储引擎,零食下午茶，年终奖，五险一金，带薪年假，定期体检，股票期权，补充医疗保险，餐补,旷视MEGVII,计算机服务,D轮及以上,1000-9999人
Python,北京·海淀区,20-40K,1-3年,本科,数据库 后端开发 HTTP 企业招聘 产品开发,定期体检，带薪年假，五险一金，节日福利，包吃，补充医疗保险，零食下午茶，股票期权，年终奖,医渡云,互联网,C轮,1000-9999人
Python,北京·海淀区,20-25K,在校/应届,本科,后端开发 Kubernetes TensorFlow 分布式系统 高吞吐,餐补，带薪年假，年终奖，免费班车，包吃，股票期权，五险一金，员工旅游，定期体检，节日福利，补充医疗保险,蚂蚁金服,互联网,不需要融资,10000人以上
Python,北京·海淀区,20-40K,1-3年,硕士,视频编解码 视频算法 Kubernetes Docker Mesos,带薪年假，加班补助，补充医疗保险，餐补，定期体检，五险一金，零食下午茶，交通补助,爱奇艺,互联网,已上市,1000-9999人
Python,北京·朝阳区,20-30K·16薪,3-5年,本科,运维开发 自动化运维 分布式系统 性能调优 计算机体系结构,定期体检，带薪年假，补充医疗保险，股票期权，年终奖，节日福利，餐补，交通补助，员工旅游，免费班车，五险一金,高德地图,互联网,已上市,1000-9999人
Python,北京·海淀区,30-50K,3-5年,本科,系统架构 云服务 精通python 非关系数据库 分布式文件系统,五险一金，年终奖，节日福利，带薪年假，定期体检，购房福利，补充医疗保险，全勤奖，不定期培训，餐补，商业保险,好未来,互联网,已上市,10000人以上
Python,北京,15-30K·14薪,不限,本科,全栈开发 分布式技术 架构师 Linux 软件工程师,员工旅游，五险一金，节日福利，带薪年假，年终奖，补充医疗保险，交通补助，定期体检，加班补助,华为技术有限公司,计算机软件,不需要融资,10000人以上
Python,北京,25-40K,5-10年,本科,系统架构 Python 后端开发 系统架构设计,五险一金，免费班车，节日福利，年终奖，餐补，补充医疗保险，定期体检，带薪年假,金风科技,计算机软件,已上市,1000-9999人
Python,北京·海淀区,10-20K,3-5年,本科,后端开发 RESTful RPC 数据库优化 掌握数据结构,补充医疗保险，员工旅游，定期体检，年终奖，通讯补贴，带薪年假，节日福利，免费班车，五险一金，餐补，零食下午茶，交通补助,中国电信云,计算机软件,已上市,1000-9999人
Python,北京·海淀区,30-60K,3-5年,本科,Tornado Web框架 Flask python开发 Django,节日福利，免费班车，股票期权，年终奖，五险一金，定期体检，带薪年假，交通补助，补充医疗保险，零食下午茶,滴滴出行,移动互联网,D轮及以上,1000-9999人
Python,北京,15-30K,3-5年,本科,Python python开发 RUBY 网络安全测试,年终奖，零食下午茶，节日福利，通讯补贴，定期体检，五险一金,深圳华为,通信/网络设备,不需要融资,10000人以上
Python,北京,18-20K,5-10年,大专,DBA MySQL 后端开发 python开发工程师 熟悉mysql,员工旅游，股票期权，带薪年假，健身房，五险一金，定期体检，节日福利，补充医疗保险，餐补，零食下午茶,北京海量数据,数据服务,已上市,100-499人
Python,北京·朝阳区,16-30K,3-5年,本科,Python 能力强 兼职合作,员工旅游，年终奖，五险一金，节日福利，带薪年假,北京德创未来,其他服务业,不需要融资,20-99人
Python,北京·海淀区,30-60K,3-5年,本科,Django框架 精通python 前端页面 linux系统 数据结构,,庞大汽贸,移动互联网,不需要融资,100-499人
Python,北京·海淀区,8-12K,1-3年,大专,ETL 商业智能 大数据 后端开发 数据分析,员工旅游，餐补，五险一金，通讯补贴，定期体检，节日福利，带薪年假，交通补助，免费班车，补充医疗保险，年终奖,启明星辰,信息安全,已上市,1000-9999人
python,北京·昌平区,10-15K,3-5年,大专,精通python PyCharm WebStorm SQL Server 数据库,带薪年假，股票期权，通讯补贴，交通补助，节日福利，五险一金，加班补助，餐补，住房补贴，年终奖，定期体检，免费班车，补充医疗保险，员工旅游,宇信科技,计算机软件,已上市,1000-9999人
Python,北京·西城区,20-40K,1年以内,本科,自动化平台 精通python 高并发 开源项目 GitHub,餐补，五险一金，定期体检，加班补助，住房补贴，年终奖，带薪年假，交通补助，节日福利，补充医疗保险，通讯补贴,网联,互联网金融,不需要融资,100-499人
Python,北京·丰台区,12-20K,3-5年,本科,爬虫策略 爬虫开发 验证码识别 网页抓取 MongoDB,餐补，带薪年假，加班补助，通讯补贴，员工旅游，交通补助，节日福利，五险一金,中宏信息,数据服务,不需要融资,20-99人
Python,北京·海淀区,12-24K,1年以内,本科,企业软件 后端开发 Tornado Flask Django,,石云科技,互联网金融,不需要融资,20-99人
Python,北京·海淀区,15-20K,3-5年,本科,Java Tornado Web框架 Flask 精通python,零食下午茶，餐补，五险一金，节日福利，年终奖,安码科技,计算机软件,不需要融资,100-499人
python,北京·海淀区,15-20K,3-5年,本科,Flask Django 信息抽取 熟悉机器学习 分布式计算,五险一金，带薪年假，定期体检，年终奖，员工旅游，节日福利，补充医疗保险,金色财经,互联网金融,不需要融资,100-499人
Python,北京·海淀区,20-40K,3-5年,本科,数据库 后端开发 Tornado Flask 熟悉redis,加班补助，零食下午茶，补充医疗保险，股票期权，五险一金，餐补，定期体检，年终奖，节日福利，带薪年假,混沌研习社,在线教育,不需要融资,100-499人
Python,北京·朝阳区,13-20K,不限,本科,Tornado Django MongoDB Redis Linux,定期体检，带薪年假，五险一金，年终奖,简恒科技,计算机软件,不需要融资,0-20人
Python,北京·海淀区,15-30K·14薪,3-5年,硕士,数据库 后端开发 REST Django 高质量代码,交通补助，加班补助，年终奖，带薪年假，补充医疗保险，定期体检，餐补，五险一金，通讯补贴,北航西部创新港,计算机软件,不需要融资,20-99人
Python,北京·朝阳区,15-25K,1年以内,大专,常用数据结构 熟悉python 设计模式 Go 算法,定期体检，五险一金，带薪年假，节日福利，通讯补贴,城宿city-home,旅游,B轮,500-999人
Python,北京·海淀区,15-30K,1-3年,本科,Python讲师 Pyspider 爬虫开发 Django框架 Flask,补充医疗保险，通讯补贴，带薪年假，节日福利，员工旅游，股票期权，餐补,北大青鸟航天桥校区,在线教育,不需要融资,100-499人
python,北京·朝阳区,35-40K,5-10年,本科,Tornado Flask RESTful python开发 精通python,通讯补贴，餐补，年终奖，节日福利，零食下午茶，定期体检，员工旅游，交通补助，带薪年假，五险一金，补充医疗保险，加班补助，股票期权,北京行景科技,计算机软件,不需要融资,100-499人
Python,北京·朝阳区,18-36K,3-5年,本科,数据库 后端开发 Tornado 非关系型数据库 Http协议,,智美体育集团,其他行业,已上市,100-499人
Python,北京,20-40K,5-10年,本科,Django Go 架构师 Linux python开发,免费班车，全勤奖，年终奖,无忧尚实Reboot,在线教育,不需要融资,20-99人
Python,北京·朝阳区,20-22K,1-3年,本科,ETL 数据挖掘 Celery 爬虫框架 Pyspider,零食下午茶，五险一金，定期体检，补充医疗保险，带薪年假，节日福利，员工旅游，年终奖，餐补，加班补助,墨迹天气,移动互联网,不需要融资,100-499人
Python,北京·海淀区,12-24K,1-3年,本科,Linux 后端开发 OpenStack 性能优化 生态圈,补充医疗保险，定期体检，加班补助，五险一金，零食下午茶，带薪年假，交通补助,UnitedStack,互联网,C轮,100-499人
job_name,job_area,salary,experience,edu,skill,welfare,company_name,industry,stage,population
Python,上海,15-30K·14薪,1-3年,本科,JavaScript C++ Java 单元测试 编码开发,定期体检，交通补助，员工旅游，五险一金，补充医疗保险，带薪年假，年终奖，节日福利，加班补助,华为技术有限公司,计算机软件,不需要融资,10000人以上
Python,上海,12-24K·13薪,1-3年,本科,Flask Django Shell Linux Tornado,通讯补贴，定期体检，员工旅游，零食下午茶，带薪年假，年终奖，五险一金,观安信息,信息安全,C轮,500-999人
Python,上海·杨浦区,20-40K,不限,本科,OpenStack openstack云平台 开源社区 虚拟化技术 KVM,五险一金，通讯补贴，股票期权，定期体检，餐补，节日福利，全勤奖，员工旅游，年终奖，加班补助，带薪年假,华云数据,数据服务,D轮及以上,500-999人
Python,上海·浦东新区,15-30K,3-5年,本科,Linux 后端开发 消息队列 Kafka Spark,餐补，定期体检，节日福利，包吃，年终奖，带薪年假，员工旅游，股票期权，免费班车，补充医疗保险，五险一金,蚂蚁金服,互联网,不需要融资,10000人以上
Python,上海·徐汇区,14-28K,3-5年,本科,Linux Flask 精通python 分布式存储 服务器端开发,五险一金，餐补，通讯补贴，交通补助，定期体检，补充医疗保险，带薪年假,天玑科技,数据服务,已上市,500-999人
python,上海·长宁区,12-22K,3-5年,大专,C++ 精通python PyTorch TensorFlow MXNet,节日福利，定期体检，零食下午茶，加班补助，全勤奖，年终奖，企业文化，员工旅游，五险一金，带薪年假,法本,计算机软件,已上市,1000-9999人
Python,上海,13-19K·13薪,3-5年,大专,JavaScript HTML Celery 异步框架 Django,定期体检，员工旅游，餐补，加班补助，五险一金，交通补助，零食下午茶，免费班车，节日福利，带薪年假,易宝软件,互联网,已上市,1000-9999人
Python,上海,12-24K,3-5年,本科,python开发 常用数据结构 熟悉python 网络编程基础 工具开发,零食下午茶，免费班车，年终奖，带薪年假，定期体检，员工旅游，节日福利，加班补助，餐补，五险一金,中软国际,计算机软件,已上市,10000人以上
Python 工程师,上海,25-50K·15薪,3-5年,本科,内部管理平台 PaaS GPU 容量管理 管理平台,补充医疗保险，定期体检，五险一金，交通补助，带薪年假，年终奖，加班补助，住房补贴，零食下午茶，餐补，通讯补贴，节日福利，免费班车,百度,互联网,已上市,10000人以上
Python,上海,10-15K,1-3年,本科,C++ Python 后端开发 后端,带薪年假，年终奖，定期体检，五险一金，包吃，免费班车，节日福利，员工旅游,合合信息,互联网,D轮及以上,500-999人
Python,上海·浦东新区,10-13K,1-3年,本科,Go JavaScript Java Flask Django,带薪年假，五险一金，定期体检，员工旅游，节日福利,拓保软件,计算机软件,不需要融资,1000-9999人
Python(实习),上海·浦东新区,100-120/天,4天/周,3个月,深度学习算法 自然语言处理 Pandas PyTorch 开源库,交通补助，定期体检，加班补助，五险一金，股票期权，餐补，补充医疗保险，员工旅游，节日福利，免费班车，带薪年假，年终奖,药明生物,制药,已上市,1000-9999人
python 开发,上海,11-18K,1-3年,本科,自动化测试 java语言基础 写脚本 开发能力 java脚本,零食下午茶，节日福利，加班补助，带薪年假，定期体检，免费班车，五险一金,软通动力,计算机软件,已上市,10000人以上
Python,上海·浦东新区,25-50K·16薪,5-10年,本科,图像算法 前端开发 后端开发 机器学习 自动化测试,包吃，餐补，节日福利，年终奖，定期体检，股票期权，带薪年假，免费班车，补充医疗保险，员工旅游，五险一金,蚂蚁金服,互联网,不需要融资,10000人以上
Python(实习),上海·浦东新区,2-3K,1年以内,大专,Web框架 Flask RESTful python开发 PostgreSql,五险一金，定期体检，带薪年假，全勤奖，节日福利，补充医疗保险,天风证券,互联网金融,已上市,1000-9999人
Python,上海·浦东新区,19-30K,3-5年,本科,Shell Shell编程 熟悉分布式 Kafka 分布式系统,年终奖，带薪年假，零食下午茶，定期体检，节日福利，员工旅游，股票期权，补充医疗保险，五险一金，免费班车，餐补,信也科技,互联网,已上市,1000-9999人
Python,上海·徐汇区,12-24K,1-3年,本科,Linux OpenStack Docker Mesos KVM,带薪年假，补充医疗保险，通讯补贴，餐补，五险一金，交通补助，定期体检,天玑科技,数据服务,已上市,500-999人
python,上海,11-18K,3-5年,本科,Django 数据处理 后端开发 web开发框架 python库,节日福利，五险一金，员工旅游，企业文化，零食下午茶，年终奖，定期体检，加班补助，带薪年假，全勤奖,法本,计算机软件,已上市,1000-9999人
Python,上海·青浦区,15-25K,1年以内,大专,教学团队 课程体系 授课 培训 人员,,神州视创,在线教育,不需要融资,100-499人
Python 后端工程师,上海·徐汇区,12-24K·17薪,1-3年,本科,Go MySQL Java 后端开发 Celery,股票期权，餐补，员工旅游，节日福利，带薪年假，零食下午茶，五险一金,再惠,移动互联网,C轮,500-999人
Python web讲师,上海,25-40K,5-10年,大专,Tornado web开发框架 Flask Django Kubernetes,补充医疗保险，带薪年假，零食下午茶，定期体检，员工旅游，交通补助，餐补，节日福利，年终奖，通讯补贴,传智播客,在线教育,不需要融资,1000-9999人
Python,上海·徐汇区,12-24K,3-5年,本科,后端开发 web后端开发 web后台 RUBY 编程语言,五险一金，员工旅游，节日福利，带薪年假，零食下午茶，年终奖，定期体检,众言科技,互联网,C轮,100-499人
Python,上海·浦东新区,20-40K,5-10年,本科,企业软件 后端开发 主程序员 编程语言 开发经验,定期体检，节日福利，零食下午茶，五险一金，带薪年假，年终奖，股票期权，员工旅游,微仓网络,计算机软件,不需要融资,0-20人
Python,上海·徐汇区,15-30K,1-3年,本科,python开发 常用库 linux环境 接口设计 机器学习,,开哲科技,计算机软件,不需要融资,20-99人
Python,上海·长宁区,12-20K,1-3年,本科,后端开发 Tornado Flask Django PostgreSQL,五险一金，零食下午茶，年终奖，带薪年假,绿庭韦斯塔,互联网金融,不需要融资,20-99人
Python,上海·长宁区,25-40K·15薪,5-10年,本科,TypeScript web后端开发 精通python Kubernetes web开发,补充医疗保险，交通补助，绩效奖金，全勤奖，带薪年假，年终奖，员工旅游，节日福利，定期体检，五险一金,携程旅行网,互联网,已上市,10000人以上
Python,上海·徐汇区,11-22K,3-5年,本科,python多线程 多进程 常用库 Django NumPy,定期体检，五险一金，员工旅游，年终奖，节日福利，带薪年假，补充医疗保险，股票期权,平安医疗,医疗健康,A轮,1000-9999人
Python,上海·浦东新区,15-30K,1-3年,大专,系统架构 系统集成 熟悉分布式 熟悉python 熟悉linux,零食下午茶，员工旅游，餐补，五险一金，交通补助，节日福利，定期体检，年终奖，股票期权，加班补助，带薪年假,斗象科技,信息安全,C轮,100-499人
Python,上海·青浦区,11-16K,3-5年,大专,JavaScript HTML Celery 异步框架 Django,定期体检，带薪年假，五险一金，节日福利，零食下午茶,讯锡科技,计算机软件,不需要融资,100-499人
Python,上海·静安区,10-15K,1-3年,本科,Shell GIT Linux MySQL C++,五险一金，包吃，员工旅游，定期体检，年终奖，带薪年假，免费班车，节日福利,合合信息,互联网,D轮及以上,500-999人
Python,上海,11-22K·14薪,3-5年,本科,MySQL 软件工程师 大数据 后端开发 数据分析,员工旅游，年终奖，五险一金，住房补贴，股票期权，带薪年假,霖客达,互联网,不需要融资,20-99人
Python,上海·浦东新区,15-25K,3-5年,本科,Flask Django 全栈开发 Go PHP,带薪年假，零食下午茶，股票期权，五险一金，员工旅游，定期体检，免费班车，年终奖，节日福利，健身房,昌投网络科技,互联网,A轮,500-999人
Python,上海,20-35K,5-10年,大专,NoSQL Linux MySQL Tornado Web框架,交通补助，五险一金，带薪年假，年终奖，节日福利，员工旅游，住房补贴，股票期权，通讯补贴，补充医疗保险,票易通,数据服务,C轮,100-499人
Python,上海·徐汇区,13-20K,5-10年,本科,Django 深度学习算法 自然语言处理 JavaScript Java,员工旅游，补充公积金，五险一金，定期体检，交通补助，餐补，节日福利，补充医疗保险，通讯补贴，年终奖，带薪年假,普华基础软件,计算机软件,不需要融资,100-499人
Python,上海,12-15K,1-3年,本科,Linux 软件开发 Java 熟悉linux操作系统 熟悉python,加班补助，节日福利，交通补助，五险一金，员工旅游，全勤奖，年终奖，带薪年假,伦伟实业,智能硬件,不需要融资,100-499人
高级 Python,上海·浦东新区,25-35K,1-3年,本科,Redis ETL Go C++ Mongo,零食下午茶，年终奖，带薪年假，定期体检，五险一金，节日福利,上海鸣石,基金,不需要融资,20-99人
Python,上海·普陀区,7-9K,1-3年,大专,物联网 智能硬件 异步框架 Flask Django,五险一金，带薪年假，节日福利，股票期权，年终奖,上海诗园,互联网,不需要融资,0-20人
Python,上海·浦东新区,10-20K,1-3年,本科,数据库 需求分析 Flask python开发工程师 python开发,年终奖，定期体检，节日福利，全勤奖，交通补助，通讯补贴，补充医疗保险，五险一金，股票期权，餐补，带薪年假,环思智慧,计算机软件,已上市,100-499人
Python 工程师,上海·浦东新区,12-20K,1-3年,本科,数据库 后端开发 Flask Django Devops,股票期权，补充医疗保险，团队nice，五险一金，零食下午茶，带薪年假，员工旅游，年终奖，定期体检，节日福利，私房菜,善挚,数据服务,不需要融资,0-20人
Python,上海,6-12K,1-3年,本科,Web框架 常用数据结构 基本算法 后台开发 javascript开发,定期体检，五险一金,魔力小鸟,游戏,不需要融资,20-99人
python,上海,10-15K,3-5年,大专,运维 Celery 异步框架 Django MongoDB,,下吉软件,互联网,不需要融资,100-499人
Python,上海·浦东新区,8-13K,1-3年,本科,数据库 python开发 JavaScript 后台业务 能力强,,上海麦金地集团,生活服务,A轮,1000-9999人
python,上海,10-15K·13薪,3-5年,本科,RESTful 精通python api开发 自动化部署 自动化测试平台,补充医疗保险，带薪年假，通讯补贴，餐补，定期体检，员工旅游，加班补助，零食下午茶，节日福利，年终奖，五险一金,普元智慧,计算机软件,未融资,500-999人
Python,上海·浦东新区,9-13K,1-3年,不限,Django 容器技术 Redis Linux Tornado,股票期权，五险一金，零食下午茶，节日福利，带薪年假，年终奖，员工旅游,共睿科技,计算机软件,C轮,100-499人
python,上海·浦东新区,10-15K,3-5年,本科,Go JavaScript Java Flask Django,加班补助，定期体检，五险一金，节日福利，全勤奖，年终奖，企业文化，零食下午茶，员工旅游，带薪年假,法本,计算机软件,已上市,1000-9999人
Python,上海·浦东新区,10-12K,1-3年,大专,Django 容器技术 Shell GIT Redis,,盈通股份,计算机软件,不需要融资,100-499人
Python,上海·徐汇区,8-12K,1-3年,本科,Linux 后端开发 Tornado Flask Django,餐补，员工旅游，带薪年假，五险一金,商派软件,电子商务,D轮及以上,100-499人
Python,上海,8-13K,1-3年,本科,C++ 计算机软件 熟悉python 核心模块 自动化测试,交通补助，免费班车，年终奖，带薪年假，加班补助，补充医疗保险，定期体检，五险一金，包吃，餐补，通讯补贴，住房补贴，节日福利,上海埃威航空电子...,计算机软件,不需要融资,100-499人
python 开发,上海,8-12K,不限,大专,Shell Tornado web开发框架 Flask Mongo,通讯补贴，年终奖，零食下午茶，节日福利，补充医疗保险，交通补助，五险一金，股票期权，定期体检，带薪年假，餐补,DaoCloud,互联网,C轮,100-499人
Python,上海·徐汇区,20-30K,3-5年,本科,MongoDB 分布式技术 Redis Go Linux,五险一金，带薪年假，定期体检，零食下午茶，年终奖，员工旅游，节日福利,众言科技,互联网,C轮,100-499人
python,上海·青浦区,11-20K,3-5年,不限,HTML Celery 异步框架 Django MongoDB,五险一金，股票期权，定期体检，补充医疗保险，带薪年假，年终奖,古猿科技,计算机软件,未融资,20-99人
Python,上海·浦东新区,15-30K,3-5年,本科,Hadoop PHP Bash Spark Hadoop集群,,银联智策,数据服务,未融资,100-499人
python,上海·杨浦区,18-25K,3-5年,本科,PostgreSQL NoSQL MongoDB Redis MySQL,,犀语科技,其他行业,A轮,20-99人
Python,上海,17-30K,5-10年,本科,NoSQL 容器技术 MongoDB 分布式技术 Redis,零食下午茶，五险一金，餐补，自带电脑补助,可思达地,移动互联网,天使轮,0-20人
python,上海,20-30K·13薪,3-5年,本科,Django Tornado Flask RESTful python开发,交通补助，节日福利，五险一金，培训分享，零食下午茶，年终奖，股票期权，定期体检，员工旅游，补充医疗保险，带薪年假,特赞|Tezign,互联网,B轮,100-499人
python工程师,上海,20-40K,3-5年,本科,Linux C++ python开发工程师 版本管理工具 熟悉linux操作系统,交通补助，加班补助，免费班车，补充医疗保险，股票期权，餐补，定期体检，节日福利，零食下午茶，五险一金，通讯补贴，住房补贴，年终奖，带薪年假,华为,计算机软件,不需要融资,10000人以上
Python 工程师-数据处理,上海,12-18K·15薪,3-5年,本科,NoSQL MongoDB Spark 数据挖掘 数据分析,免费班车，带薪年假，定期体检，五险一金，节日福利，餐补,微创医疗,医疗健康,已上市,1000-9999人
Python,上海·浦东新区,20-35K,3-5年,本科,Linux 后端开发 web开发框架 Flask Django,免费班车，股票期权，零食下午茶，带薪年假，节日福利，五险一金,水滴管家,互联网,A轮,100-499人
Python,上海·黄浦区,15-20K,3-5年,本科,证券 NumPy Pandas Kafka 高并发,,上海有大信息科技,计算机软件,天使轮,100-499人
Python,上海·徐汇区,14-20K·13薪,1-3年,本科,算法 爬虫开发 RESTful 数据爬取 常用数据结构,零食下午茶，节日福利，加班补助，定期体检，员工旅游，年终奖，带薪年假，五险一金，交通补助,仟传,互联网,B轮,100-499人
python工程师,上海·浦东新区,20-30K,3-5年,本科,后端开发 Flask python开发工程师 Django 高并发处理,年终奖，定期体检，零食下午茶，员工旅游，带薪年假，节日福利，五险一金，通讯补贴，免费班车,达达集团,O2O,D轮及以上,1000-9999人
Python,上海·闵行区,12-24K,1-3年,本科,Spark 后台开发 Shell Hadoop UNIX,,斯干,移动互联网,B轮,20-99人
Python,上海·杨浦区,20-40K,1-3年,本科,分布式技术 计算机软件 网络协议 python编程语言 TensorFlow,零食下午茶，五险一金，节日福利，年终奖，带薪年假，定期体检,光之树,电子商务,A轮,20-99人
Python,上海·静安区,15-25K,1-3年,本科,Linux Python 运维开发 平台开发 web前端,年终奖，员工旅游，节日福利，五险一金，股票期权，餐补，带薪年假，定期体检，零食下午茶,妙盈,计算机软件,A轮,20-99人
Python,上海·虹口区,20-40K·14薪,1-3年,本科,系统架构 后端开发 精通python ORM Django,年终奖，股票期权，节日福利，零食下午茶，包吃，带薪年假，五险一金,熵简科技,数据服务,B轮,20-99人
Python 开发工程师,上海,15-25K,3-5年,本科,NoSQL MongoDB 多进程 MongoDB数据库 常用数据结构,带薪年假，加班补助，免费班车，定期体检，年终奖，五险一金，餐补，节日福利,证通股份,互联网金融,不需要融资,100-499人
python工程师,上海·静安区,13-26K,不限,本科,爬虫工程师 自然语言处理 Golang python开发工程师 MongoDB,节日福利，补充医疗保险，年终奖，五险一金，员工旅游，带薪年假，定期体检，零食下午茶,智慧芽,互联网,D轮及以上,500-999人
Python,上海·闵行区,16-25K,不限,本科,后端开发 Tornado Web框架 Flask RESTful,,麒谋投资,互联网金融,B轮,0-20人
Python,上海·浦东新区,15-30K,1年以内,大专,PHP Python 后端开发 能独立 棋牌类,带薪年假，年终奖，员工旅游，加班补助，五险一金，全勤奖，节日福利,蝶祈传媒,游戏,未融资,0-20人
Python,上海·浦东新区,5-10K,不限,本科,熟悉python 后台开发 C++ C 本科以上学历,员工旅游，住房补贴，五险一金，年终奖，股票期权，带薪年假,霖客达,互联网,不需要融资,20-99人
Python,上海,12-17K,3-5年,本科,Flask Pandas Hadoop MySQL Java,五险一金，年终奖，零食下午茶，加班补助，带薪年假,兴软,咨询,未融资,20-99人
Python,上海·黄浦区,15-30K,3-5年,本科,Hadoop Linux Django框架 python开发 精通python,节日福利，员工旅游，带薪年假，五险一金，定期体检，零食下午茶，年终奖,量锐科技,计算机软件,A轮,20-99人
python工程师,上海·浦东新区,15-30K,3-5年,本科,Java web开发框架 Flask python开发工程师 Django,五险一金，员工旅游，年终奖，节日福利,新达达,O2O,D轮及以上,1000-9999人
Python,上海·松江区,11-12K,5-10年,大专,机器学习 数据库 python相关 python开发 python数据分析,年终奖，员工旅游，带薪年假，免费培训，股票期权,日晓企业管理咨询,在线教育,天使轮,20-99人
Python工程师,上海,13-25K,1-3年,本科,Django python开发工程师 业务代码 单元测试 前端开发技术,零食下午茶，带薪年假，五险一金，节日福利,360金融,互联网,已上市,1000-9999人
Python,上海·闵行区,12-20K,3-5年,本科,Flask 后端开发 接口开发 网站开发 后端,五险一金，带薪年假，加班补助,掌签信息,互联网,天使轮,0-20人
Python,上海·浦东新区,15-18K,3-5年,本科,需求分析 ERP Odoo 精通python 软件工程思想,员工旅游，节日福利，餐补，全勤奖，定期体检，五险一金，交通补助，年终奖,Yumtown Food,贸易/进出口,未融资,20-99人
Python,上海·浦东新区,10-20K,1-3年,本科,CTA 概率统计 数学基础 编程语言 金融投资领域,,顽岩资产,互联网金融,未融资,20-99人
python,上海,6-9K,1-3年,本科,Shell Shell脚本 一年经验 银行 公司提供住宿,带薪年假，餐补，加班补助，年终奖，员工宿舍,浙江优创,计算机软件,未融资,100-499人
Python,上海·普陀区,10-15K,1年以内,本科,Mongo数据库 Http协议 linux常用命令 GIT Redis,零食下午茶，年终奖，餐补，带薪年假，加班补助，全勤奖，员工旅游，节日福利，五险一金,牛咖,移动互联网,A轮,100-499人
python,上海·徐汇区,11-18K,1-3年,本科,AWS DBA MySQL SQL Server 精通python,超长年假，节日福利，年终奖，定期体检，补充医疗保险，五险一金,Bespin Global China,互联网,B轮,100-499人
Python,上海·黄浦区,8-13K,不限,本科,Django 全栈开发 后端开发 Flask Http协议,股票期权，零食下午茶，员工旅游，带薪年假，定期体检，交通补助，补充医疗保险，小蓝晶计划，年终奖，节日福利，通讯补贴，五险一金,Hypers,数据服务,B轮,100-499人
Python 工程师,上海·虹口区,15-30K,不限,不限,Tornado Django 熟悉分布式 数据库调优 数据库MySQL,零食下午茶，员工旅游，节日福利，定期体检，带薪年假，五险一金，股票期权,看见音乐,互联网,B轮,20-99人
Python,上海·青浦区,10-15K,3-5年,不限,Linux 后端开发 Tornado Web后端 Flask,,标指,互联网,未融资,0-20人
Python,上海·虹口区,6-8K,1-3年,本科,数据抓取 Django框架 python库 python相关 NumPy,五险一金，员工旅游，定期体检,智火,互联网,未融资,20-99人
python 开发(实习),上海·杨浦区,4-5K,不限,本科,SQLAlchemy Flask Kubernetes Docker 代码规范,定期体检，交通补助，年终奖，餐补，补充医疗保险，五险一金，带薪年假，节日福利，通讯补贴，股票期权，零食下午茶,DaoCloud,互联网,C轮,100-499人
Python,上海·浦东新区,6-10K,1年以内,本科,NoSQL 熟悉设计模式 熟悉linux 数据持久化 计算机科学,,新黑砾投资管理,证券/期货,未融资,0-20人
Python,上海,8-13K,不限,本科,Shell Redis Linux Python基础 面向对象编程,,上海微弘科技,电子商务,未融资,100-499人
Python,上海,6-11K·13薪,3-5年,本科,后端开发 项目实施 Celery 爬虫策略 信息抽取技术,带薪年假，定期体检，员工旅游，年终奖，五险一金，项目奖金，股票期权,用实,计算机软件,未融资,0-20人
高级 Python 后端工程师,上海·徐汇区,20-27K·17薪,3-5年,本科,Flask Django MySQL 后端开发 Celery,股票期权，零食下午茶，餐补，员工旅游，带薪年假，节日福利，五险一金,再惠,移动互联网,C轮,500-999人
Python,上海·黄浦区,10-15K,1-3年,大专,Django 开发框架 Apache 数据库设计 MVC,,智和信息,计算机软件,未融资,20-99人
Python(实习),上海,200-300/天,4天/周,7个月,QT Web框架 Flask Django Pandas,交通补助，定期体检，年终奖，零食下午茶，通讯补贴，五险一金，餐补，节日福利，加班补助,沃开,其他专业服务,未融资,20-99人
Python,上海·闵行区,5-10K,1年以内,本科,机器学习 数据挖掘 量化策略开发 多因子 回测,,宽策略,移动互联网,B轮,20-99人
Python,上海·静安区,8-9K,1-3年,本科,网络爬虫技术 Linux MySQL 系统集成工程师 .NET,,上海翮睿软件,计算机软件,未融资,0-20人
Python,上海·闵行区,10-15K,1-3年,大专,PHP 单元测试 代码编写 模块化开发 技术解决方案,,有获,互联网,未融资,20-99人
Python,上海·松江区,10-15K,1-3年,大专,Java 数据库 Django NoSQL数据库 熟悉redis,,学妹教育,在线教育,未融资,100-499人
Python,上海,10-15K,1-3年,本科,编码规范 TensorFlow OpenCV 熟悉python 语言开发,,蝶鱼,仪器仪表/工业自动化,未融资,0-20人
job_name,job_area,salary,experience,edu,skill,welfare,company_name,industry,stage,population
Python,广州·增城区,13-25K,3-5年,本科,后端开发 Tornado Web框架 Flask Django,交通补助，带薪年假，节日福利，五险一金，股票期权，住房补贴，免费班车，通讯补贴，员工旅游，绩效奖金，零食下午茶，定期体检，年终奖，包吃,视源股份(CVTE),电子/半导体/集成电路,已上市,1000-9999人
Python,广州·黄埔区,12-18K·13薪,5-10年,本科,深度学习算法 Linux C++ 软件工程师 计算机软件,年终奖，通讯补贴，包吃，住房补贴，免费班车，员工旅游，节日福利，股票期权，补充医疗保险，健康保障，交通补助，五险一金，零食下午茶，定期体检，带薪年假,镭晨,仪器仪表/工业自动化,不需要融资,20-99人
Python,广州·越秀区,6-10K,1年以内,本科,Java 分布式爬虫 反爬虫 Xpath 网页抓取,定期体检，五险一金，补充医疗保险,广州荔枝网,移动互联网,不需要融资,100-499人
Python,广州·增城区,13-18K,1-3年,本科,机器学习 后台开发 算法 系统调优 AI人工智能,年终奖，绩效奖金，带薪年假，通讯补贴，定期体检，交通补助，零食下午茶，员工旅游，包吃，五险一金，节日福利，免费班车，股票期权，住房补贴,视源股份(CVTE),电子/半导体/集成电路,已上市,1000-9999人
Python,广州·番禺区,13-26K,3-5年,本科,MongoDB Redis Go MySQL 后端开发,通讯补贴，餐补，定期体检，员工旅游，带薪年假，股票期权，年终奖，交通补助，全勤奖，零食下午茶，节日福利，五险一金,探迹,互联网,B轮,100-499人
Python工程师,广州·天河区,14-28K,3-5年,大专,python开发工程师 python开发 熟悉linux操作系统 运维脚本 熟悉linux,,洛邦信息,移动互联网,不需要融资,500-999人
Python,广州,11-17K,3-5年,大专,MySQL Java 大数据 Flask Django,五险一金，节日福利，住房补贴，年终奖，带薪年假，加班补助，餐补，零食下午茶,艾美科技,互联网,B轮,100-499人
Python,广州·天河区,10-20K,1-3年,大专,金融基础 Tornado Flask Django 后端架构,,蓝宝诺德,互联网金融,天使轮,0-20人
Python,广州·天河区,12-15K,1-3年,本科,Linux 后端开发 Twisted linux环境 高并发,,广州力为,移动互联网,天使轮,20-99人
Python,广州·黄埔区,13-18K,3-5年,大专,web后端开发 web开发框架 Web后端 Flask python开发,带薪年假，住房补贴，加班补助，定期体检，补充医疗保险，五险一金，通讯补贴，员工旅游,深圳中迈,计算机服务,天使轮,100-499人
python讲师,广州,25-45K,5-10年,大专,Linux Tornado Flask Django 熟悉http协议,餐补，通讯补贴，员工旅游，交通补助，定期体检，零食下午茶，带薪年假，补充医疗保险，年终奖，节日福利,传智播客,在线教育,不需要融资,1000-9999人
Python,广州·天河区,12-18K·15薪,1-3年,本科,Tornado Flask python开发 Django 命名规范,股票期权，年终奖，五险一金，带薪年假，员工旅游，零食下午茶,广州一声,社交网络,天使轮,0-20人
Python,广州·海珠区,7-10K·13薪,不限,4天/周,python开发 智能投顾 数据可视化 代码架构 金融数据,零食下午茶，股票期权，补充医疗保险，五险一金，餐补，年终奖，定期体检，员工旅游，节日福利，带薪年假,深圳道乐,移动互联网,未融资,100-499人
Python,广州·天河区,10-15K,3-5年,大专,Django Redis JavaScript HTML MySQL,,够力网络,计算机软件,未融资,0-20人
Python,广州·海珠区,8-12K,1-3年,本科,MongoDB 全栈开发 Redis Go Linux,五险一金，带薪年假，定期体检，零食下午茶,礼物说,移动互联网,B轮,20-99人
Python,广州,7-12K·13薪,1-3年,本科,网络爬虫技术 MySQL 软件工程师 后端开发 Celery,项目奖金，五险一金，股票期权，定期体检，年终奖，带薪年假，员工旅游,用实,计算机软件,未融资,0-20人
Python,广州·越秀区,5-8K,1年以内,本科,PostgreSQL Odoo 面向对象编程 计算机原理 关系型数据库,补充医疗保险，定期体检，五险一金,广州沃风科技有限公司,计算机软件,未融资,0-20人
Python,广州,8-13K,3-5年,本科,数据库 后端开发 Django 代码版本管理 Devops,带薪年假，五险一金，节日福利，年终奖,广东杰明科技有限公司,互联网,天使轮,20-99人
Python,广州·海珠区,6-10K,不限,本科,Scratch C++ 教案编写 电子信息 爱科技,,艾想科技,在线教育,未融资,20-99人
Python,广州·天河区,6-10K,1-3年,大专,PHP Python 后台开发,补充医疗保险，节日福利，零食下午茶,黄橘子科技,互联网,天使轮,0-20人
Python工程师,广州·荔湾区,10-15K·13薪,1-3年,本科,PostgreSQL NoSQL 容器技术 MongoDB Redis,五险一金，员工旅游，带薪年假，年终奖，节日福利,大参林,医疗健康,已上市,10000人以上
Python 全栈开发,广州·海珠区,10-15K,3-5年,本科,全栈开发 Redis JavaScript Linux MySQL,,RAXEN.CO,企业服务,不需要融资,0-20人
Python,广州,8-11K,1-3年,本科,装饰器 Odoo 正则表达式 PostgreSQL Py,下午茶，五险一金，弹性上班,柏妃科技,互联网,未融资,0-20人
Python,广州,10-15K,1-3年,本科,Tornado Django PostgreSQL NoSQL 服务器配置,年终奖，全员Mac，零食下午茶，股票期权，带薪年假，员工旅游，节日福利，定期体检，加班补助，五险一金,厚建,移动互联网,未融资,100-499人
Python,广州·越秀区,7-8K,1-3年,大专,Celery web开发框架 Flask python开发 精通python,零食下午茶，节日福利，五险一金，带薪年假,富融,计算机软件,未融资,20-99人
Python,广州·番禺区,3-8K,不限,不限,网络爬虫技术 Scrapy 数据抓取 能独立 应届毕业生,,开建智能,通信/网络设备,未融资,20-99人
Python,广州·番禺区,5-10K,1-3年,不限,网络爬虫技术 汇编语言 区块链 机器人 数据抓取,,广州睿迪网络科技,互联网,未融资,0-20人
Python,广州·天河区,10-15K,1-3年,本科,后端开发 服务器后台 熟悉python 数据库基本操作 熟悉软件开发流程,带薪年假，交通补助，定期体检，餐补，五险一金，年终奖，住房补贴，全勤奖，节日福利,ProQod普谷科技,互联网,天使轮,20-99人
Python 工程师,广州·黄埔区,8-16K,3-5年,本科,机器学习平台 训练模型 系统开发环境 性能调优 Caffe,员工旅游，节日福利，股票期权，年终奖，五险一金，带薪年假,康云,计算机软件,A轮,100-499人
Python程序员,广州,12-17K,3-5年,本科,python程序 熟悉数据结构 LINUX下 代码管理工具 语言开发,年终奖，节日福利，五险一金，补充医疗保险，全勤奖，员工旅游，带薪年假,咏声动漫,音乐/视频/阅读,已上市,500-999人
Python工程师,广州,15-30K·15薪,3-5年,大专,验证码识别 网络爬虫技术 JS C++ APP,,宏鸿钥网络科技,互联网,不需要融资,20-99人
python讲师,广州·天河区,15-30K,3-5年,本科,数据挖掘 Flask Django 常用模块 开发框架,,广州尚学堂,在线教育,不需要融资,100-499人
Python服务端工程师,广州,9-14K·13薪,不限,大专,C++ 后端开发 游戏 掌握数据结构 LUA,餐补，节日福利，餐补，全勤奖，年终奖，定期体检，员工旅游，五险一金，带薪年假,星辉游戏,游戏,已上市,1000-9999人
软件工程师python,广州·黄埔区,10-11K·14薪,1-3年,本科,Linux Tornado Flask Django 后端架构,带薪年假，定期体检，员工旅游，节日福利，餐补，专利奖金，免费班车，项目奖金，年终奖，通讯补贴，五险一金，提供住宿,京信通信集团,通信/网络设备,已上市,1000-9999人
Python工程师,广州,11-22K,3-5年,本科,NoSQL MongoDB 网络爬虫技术 Shell 分布式技术,年终奖，带薪年假，零食下午茶，五险一金，员工旅游,瑞云网络,计算机软件,不需要融资,20-99人
Python研发工程师,广州,8-15K,不限,大专,Linux python多线程 linux开发环境 OpenStack Shell命令,,蓝盾股份,信息安全,已上市,500-999人
Python工程师,广州·天河区,15-20K,5-10年,本科,Flask Django 深度学习算法 Django框架 python开发工程师,定期体检，节日福利，通讯补贴，交通补助，补充医疗保险，年终奖，五险一金，加班补助，餐补，带薪年假,爱知之星,计算机软件,已上市,100-499人
PYTHON工程师,广州,13-17K,3-5年,大专,Shell Go PHP Pyspider python开发工程师,餐补，节日福利，带薪年假，五险一金，通讯补贴,北京壹图厚德网络科技有限公司,互联网,不需要融资,20-99人
Python 研发工程师,广州·越秀区,8-12K,1-3年,不限,网络安全 Celery web开发框架 Flask Django,带薪年假，五险一金，补充医疗保险，通讯补贴，股票期权，定期体检，节日福利，交通补助，年终奖，员工旅游,数字观星,信息安全,A轮,20-99人
openstack-python工程师,广州,12-24K·13薪,3-5年,大专,Shell Linux 云计算 网络安全 Windows,带薪年假，年终奖，节日福利，五险一金，加班补助,上海理想,计算机软件,不需要融资,500-999人
python 开发工程师,广州·越秀区,6-11K,1-3年,大专,数据库 后端开发 Tornado Web框架 RESTful,,BELBI,贸易/进出口,未融资,20-99人
python工程师,广州,15-19K,1-3年,大专,JavaScript JS python开发工程师 WebSocket Protobuf,通讯补贴，带薪年假，全勤奖，住房补贴，餐补，零食下午茶，交通补助，包吃，年终奖，员工旅游，加班补助，五险一金,搜游科技,游戏,不需要融资,20-99人
python服务端开发,广州,15-30K·16薪,不限,本科,NoSQL 分布式技术 Redis Linux MySQL,加班补助，节日福利，五险一金，年终奖，免费班车，零食下午茶，餐补，补充医疗保险，住房补贴，带薪年假，定期体检,网易杭州,互联网,已上市,10000人以上
Python WEB工程师,广州·海珠区,4-9K,不限,大专,数据库 后端开发 Tornado Flask Django,股票期权，通讯补贴，交通补助，节日福利，五险一金，全勤奖，住房补贴，年终奖，零食下午茶，加班补助,优德,计算机软件,未融资,0-20人
python后端,广州,5-7K,不限,不限,数据库操作 后端 逻辑性强 能力强 招聘,全勤奖，五险一金，年终奖,广州建杉科技有限公司,互联网,不需要融资,20-99人
Python,广州·天河区,10-15K,3-5年,本科,Django GIT Redis JavaScript HTML,,够力网络,计算机软件,未融资,0-20人
Python工程师,广州,9-12K,1-3年,大专,网络爬虫技术 Hadoop 大数据 数据库 数据分析,员工旅游，带薪年假，餐补，零食下午茶，五险一金，年终奖，补充医疗保险，通讯补贴，节日福利，定期体检，股票期权,创必承集团,互联网,B轮,500-999人
Python工程师,广州·海珠区,10-15K,1-3年,大专,MongoDB GIT Redis MySQL python开发工程师,五险一金，零食下午茶，员工旅游，餐补，带薪年假，节日福利,微宽信息,移动互联网,不需要融资,20-99人
python老师,广州,3-8K,不限,本科,Python 普通话标准 一对一 视频授课,十三薪，带薪年假，年终奖，定期体检，零食下午茶，交通补助，节日福利，五险一金，员工旅游，餐补，加班补助,傲梦网络科技,在线教育,B轮,1000-9999人
Python,广州·越秀区,7-12K,3-5年,不限,数据库 Celery web开发框架 Flask python开发,零食下午茶，带薪年假，节日福利，五险一金,富融,计算机软件,未融资,20-99人
Python django后端工程师,广州·白云区,9-13K·13薪,1-3年,本科,Django 服务器配置 小程序 后端开发 PC端,带薪年假，零食下午茶，五险一金，节日福利,立云科技,互联网,未融资,0-20人
SQL/Python顾问,广州·番禺区,10-15K,不限,本科,Hadoop 非结构化 HIVE 熟悉sql 编程语言,带薪年假，住房补贴，定期体检，通讯补贴，员工旅游，交通补助，五险一金，补充医疗保险，加班补助，节日福利，餐补，年终奖,海大集团,其他行业,已上市,10000人以上
Python 后端开发工程师,广州,15-25K·15薪,1-3年,本科,Linux 后端开发 Celery RESTful Django,员工旅游，定期体检，带薪年假，年终奖，股票期权，五险一金,咿咿呀呀,社交网络,未融资,0-20人
软件工程师python,广州·海珠区,18-25K,3-5年,本科,Linux MySQL 系统集成工程师 机器人 智能硬件,员工旅游，差旅补贴，最高五险一金，定期体检,牧今科技,仪器仪表/工业自动化,不需要融资,20-99人
Python后端开发工程师,广州,25-40K·13薪,5-10年,本科,推荐算法 分布式技术 Redis Linux MySQL,带薪年假，餐补，免费班车，五险一金，补充医疗保险，定期体检，节日福利,360,移动互联网,已上市,1000-9999人
Software Engineer (Python),广州·天河区,12-20K·13薪,3-5年,本科,Shell Scala Linux Java Bash,年终奖，补充医疗保险，带薪年假，五险一金,亿磐(系统)深圳,计算机软件,已上市,10000人以上
Python 爬虫工程师,广州·番禺区,12-20K,1-3年,本科,爬虫架构 爬虫策略 反爬虫 Python爬虫 网络异常,餐补，五险一金，大病互助，节日福利，员工旅游，补充医疗保险，年终奖，定期体检，零食下午茶，带薪年假，股票期权，通讯补贴,有米科技,移动互联网,已上市,100-499人
python服务端开发工程师,广州·天河区,18-28K,1-3年,本科,Linux python开发 网络协议 网络编程 Nginx,股票期权，节日福利，五险一金，员工旅游，年终奖，定期体检，包吃，餐补，带薪年假，免费班车，交通补助，补充医疗保险,网易游戏,游戏,已上市,10000人以上
Python,广州,12-20K·13薪,5-10年,本科,数据库开发 MySQL 数据库设计 Python 数据库,股票期权，加班补助，带薪年假，五险一金,中土,数据服务,未融资,0-20人
python高级讲师,广州,30-50K,5-10年,本科,Tornado Flask 架构师 Linux Django,通讯补贴，年终奖，交通补助，节日福利，定期体检，带薪年假，零食下午茶，餐补，补充医疗保险，员工旅游,传智播客,在线教育,不需要融资,1000-9999人
Python Flask等后端开发(兼职),广州·天河区,3-5K,不限,不限,Flask 七牛 Nginx Linux 微信开发,加班补助，股票期权,润博科技,计算机软件,未融资,0-20人
python讲师,广州·海珠区,12-18K,3-5年,本科,培训师 授课 python编程语言 分布式处理 爬虫,节日福利，交通补助，通讯补贴，年终奖，六险，加班补助，带薪年假，零食下午茶，员工旅游，股票期权，定期体检，全勤奖,鸭题库,在线教育,未融资,100-499人
python web开发工程师,广州,5-10K,1年以内,大专,Django 全栈开发 小程序 接口对接 平台开发,五险一金，零食下午茶，带薪年假，年终奖，全勤奖,蚁创互联网,广告/公关/会展,天使轮,20-99人
Python工程师,广州,15-20K·13薪,5-10年,本科,Django框架 Flask python开发工程师 PyTorch TensorFlow,餐补，年终奖，节日福利，加班补助，通讯补贴，定期体检，五险一金，补充医疗保险，带薪年假，交通补助,爱知之星,计算机软件,已上市,100-499人
python/爬虫开发工程师,广州·天河区,8-13K,1-3年,大专,反爬 爬虫开发 Xpath Flask Scrapy,节日福利，零食下午茶，补充医疗保险，股票期权，篮球赛、运动，带薪年假，全勤奖，年终奖，员工旅游，五险一金,广州经传,移动互联网,不需要融资,500-999人
python讲师,广州·天河区,5-10K,不限,不限,精通python 自动化运维 web开发 爬虫 Python讲师,五险一金，零食下午茶，员工旅游，带薪年假，定期体检,初越,在线教育,未融资,20-99人
Python工程师,广州,11-13K,1-3年,本科,NoSQL 网络爬虫技术 Shell 分布式技术 Redis,年终奖，员工旅游，五险一金，零食下午茶，带薪年假,瑞云网络,计算机软件,不需要融资,20-99人
Python老师,广州·白云区,6-10K,1-3年,本科,编程老师 教学老师 Scratch 编程学习 JavaScript,年终奖，员工旅游，五险一金，全勤奖，带薪年假，零食下午茶,编辅侠教育,在线教育,天使轮,20-99人
Python工程师,广州,10-15K,1-3年,本科,Shell 分布式技术 Go Linux C++,员工旅游，零食下午茶，加班补助，五险一金，节日福利，带薪年假，股票期权，年终奖,省省回头车,互联网,A轮,100-499人
Python,广州·天河区,7-8K,不限,不限,Python爬虫 Python,,晶昊游学,在线教育,未融资,0-20人
游戏客户端开发-python,广州,20-40K·16薪,1-3年,本科,Go 客户端 游戏 常用数据结构 熟悉python,带薪年假，节日福利，年终奖，免费班车，全勤奖，五险一金，定期体检，包吃，补充医疗保险,网易,移动互联网,已上市,10000人以上
Python 开发工程师,广州·越秀区,6-10K,1-3年,本科,PostgreSQL 计算机软件 Odoo 精通python PyCharm,补充医疗保险，五险一金，定期体检,广州沃风科技有限公司,计算机软件,未融资,0-20人
Python工程师,广州·海珠区,4-8K,1年以内,本科,QT python开发工程师 提高代码质量 Python基础 Py,,熵演信息,企业服务,未融资,0-20人
Python工程师,广州,10-15K·14薪,1-3年,本科,Pyspider python开发工程师 Scrapy 熟悉分布式 浏览器模拟,零食下午茶，带薪年假，五险一金，餐补，年终奖，全勤奖，通讯补贴，节日福利,中思拓,计算机软件,未融资,20-99人
后端开发工程师（python）,广州,15-30K·16薪,3-5年,本科,高并发 分布式技术 Linux 后端开发 Shell编程,股票期权，定期体检，节日福利，补充医疗保险，零食下午茶，带薪年假，年终奖，餐补，包吃，五险一金,酷狗音乐,互联网,已上市,1000-9999人
python架构师,广州·番禺区,20-30K,不限,本科,Linux 系统架构 Celery Flask 多进程,年终奖，团建活动，带薪年假，五险一金，股票期权，零食下午茶，员工旅游，节日福利，定期体检,引力波信息科技,移动互联网,A轮,20-99人
python讲师/教育机构,广州·番禺区,9-12K,不限,本科,讲师 python语法 Python讲师 数据结构 算法,通讯补贴，交通补助，零食下午茶，五险一金，节日福利，加班补助，员工旅游，带薪年假，全勤奖，定期体检，餐补，股票期权，年终奖,小码教育,在线教育,C轮,1000-9999人
高级python工程师,广州·番禺区,20-30K,5-10年,本科,爬虫架构 Hadoop python开发工程师 网页抓取 Scrapy,零食下午茶，五险一金，年终奖，全勤奖,头文科技,互联网,天使轮,100-499人
高级Python工程师,广州·天河区,17-21K,3-5年,大专,系统架构 数据库 Tornado python开发工程师 精通python,股票期权，五险一金，年终奖,拼吧科技,企业服务,天使轮,20-99人
Python电商程序员,广州·天河区,6-11K,不限,不限,Java 网络爬虫技术 Selenium 熟练掌握mysql 数据库操作,,古特贸易,电子商务,不需要融资,0-20人
Python服务端开发工程师,广州·天河区,20-40K·16薪,3-5年,本科,MongoDB Nginx Linux MySQL HTTP,住房补贴，零食下午茶，定期体检，节日福利，加班补助，补充医疗保险，五险一金，带薪年假，餐补，年终奖，免费班车,网易杭州,互联网,已上市,10000人以上
Python网页后端,广州·天河区,6-10K,1-3年,本科,Linux web开发框架 Django PostgreSQL web后台,,广州大世,游戏,天使轮,20-99人
python网页后端,广州·天河区,8-12K,1-3年,本科,Linux web开发框架 Django PostgreSQL web后台,五险一金，零食下午茶，节日福利，餐补，员工旅游，带薪年假，包吃,大世科技,互联网,未融资,20-99人
Python服务端开发工程师,广州·天河区,18-28K·16薪,1-3年,本科,NoSQL MongoDB 服务器配置 Linux MySQL,带薪年假，五险一金，包吃，定期体检，股票期权，补充医疗保险，员工旅游，餐补，免费班车，交通补助，节日福利，年终奖,网易游戏,游戏,已上市,10000人以上
Python实习生,广州·天河区,1-3K,不限,不限,Linux Flask Django 后端架构 MongoDB,年终奖，五险一金,广州潮汐信息,数据服务,天使轮,0-20人
测试开发（python）,广州,8-13K,不限,本科,深度学习算法 数据结构 Linux 后端开发 web后端开发,补充医疗保险，年终奖，周末双休，五险一金，股票期权，带薪年假，节日福利，零食下午茶,德科信息,计算机软件,不需要融资,1000-9999人
python工程师,广州,15-30K,3-5年,本科,MongoDB MySQL Java 大数据 后端开发,通讯补贴，交通补助，全勤奖，节日福利，员工旅游，餐补，零食下午茶，定期体检，带薪年假，年终奖，五险一金，股票期权,探迹,互联网,B轮,100-499人
python初级工程师,广州·天河区,3-4K,1年以内,本科,JavaScript Linux 小程序 Flask Django,,广州易软,移动互联网,B轮,20-99人
python高级开发工程师/专家,广州,20-40K·15薪,5-10年,本科,Tornado Flask Django 后端架构 网络编程,交通补助，餐补，带薪年假，年终奖，加班补助，员工旅游，全勤奖，五险一金，通讯补贴，股票期权，零食下午茶，节日福利，定期体检，包吃，补充医疗保险，住房补贴,wlaike,互联网,C轮,100-499人
python工程师-RPA方向,广州,9-14K·13薪,1-3年,本科,Xpath python开发工程师 Selenium 熟悉html 代码实现,餐补，年终奖，五险一金，员工旅游，带薪年假，通讯补贴，定期体检，补充医疗保险，零食下午茶，交通补助，节日福利,广州申迪,其他行业,不需要融资,100-499人
Python后端,广州,15-25K,3-5年,本科,Go Python 后端开发 熟悉redis linux常用命令,,SAPfree,计算机软件,不需要融资,100-499人
Python程序员,广州·黄埔区,6-12K,1-3年,本科,Flask python开发 Django 命名规范 python程序,,中粤电力,电力/热力/燃气/水利,未融资,20-99人
实习Odoo(Python)后端工程师,广州·番禺区,110-170/天,6天/周,6个月,后端开发 Web框架 Odoo Flask Django,住房补贴，全勤奖，带薪年假，提供住宿，股票期权，五险一金，零食下午茶,广州捷现,电子商务,不需要融资,20-99人
Python中级开发工程师,广州·越秀区,12-20K,3-5年,大专,全栈开发 分布式技术 Redis Linux MySQL,员工旅游，五险一金，年终奖，免费班车，零食下午茶，节日福利，带薪年假,君思网络,计算机软件,未融资,100-499人
Python工程师,广州·黄埔区,4-8K,不限,大专,云计算开发 代码注释 Eclipse MySQL Python,五险一金,广东宏为,仪器仪表/工业自动化,不需要融资,0-20人
