label,review,length,positive,negative,anger,disgust,fear,sadness,surprise,good,happy
3,回复唉....我想不明白為 啥花總 是插在糞 上的！雖 然卟 灰?~ 善良優 ?,34,1,0,0,0,0,0,0,1,0
0,~ 今晚10点有个小活动需要现场报道··又到了我上战场的时候啦···这次一定要化妆··哈哈哈哈哈··万一再碰见谁··绝不能再素面朝天的跟耀眼星星拍照了···但是我最近一直都没睡好···眼睛很难受··哎··希望不要出什么毛病吧····好久没带哈尼出去玩了~ 晒张靓 照怀念一下吧~,96,3,3,0,2,0,2,0,2,1
0,【中朝将首次合拍电影纪念志愿军参战60周年】应朝鲜电影委员会邀请，由李水合带领的中方合拍工作组访问了朝鲜。据中国驻朝鲜大使馆网站消息，为纪念中国人民志愿军入朝参战60周年，中朝两国的电影工作者将首次合拍电影，歌颂伟大的中朝友谊。图中方工作组与金成柱小学联欢。【请正日当导演吧】,77,4,3,0,0,0,3,0,3,1
1,我真的变憔悴了?这个星期将是一个很忙的星期` `,17,0,1,0,0,0,1,0,0,0
0,拍摄顺利，大卖大卖《人人》这个项目我从年前跟到6月份，可是因为某些原因易主他人。就像是把自己的孩子送给他人，心中不舍却还是希望他健康成长~ ！祝《人人》拍摄顺利，大卖~ ！,55,3,0,0,0,0,0,0,1,2
1,回复半小时的节目，全都是介绍养生保健的小诀窍挺晚得放多久啊今晚10点05分新闻综合频道我的新节目《乐活密码》播出啦，有小周立波的表演，还有减肥的绝招免费传授，你相信把针埋在体内可以减肥吗？我可是亲身体验的,66,2,0,0,0,0,0,0,2,0
0,实用！可以参考参考！绝对值得参考，需要的朋友记得收藏啊。。。,19,2,0,0,0,0,0,0,2,0
1,万事开头难吖,2,0,0,0,0,0,0,0,0,0
0,【好有爱的情侣装你看出玄机了吗？】超有爱的情侣装+亲子装，你看出这里面的玄机了吗？,29,0,0,0,0,0,0,0,0,0
0,真逗笑死我了！喝着水看到一分半，几乎喷了～CCAV 挑战屁民智商经典之作...坚持到1分半有惊喜...,30,2,0,0,0,0,0,0,1,1
0,没吐他脸上？...什么是TY 啊？呕卖糕滴原来TY 上的帖不是在瞎吹···健身房那些一块块肌肉背后是赤裸裸的XX 交易。除了健身会所外，帅气哥你说的地方我都没去过……,54,2,4,0,4,0,0,1,1,0
0,庚想问你一个问题为啥米你一空闲下来就穿人字拖一上节目就靴子啊能不能给解释一下呵呵今天的工作马上开始了，加油,33,1,0,0,0,0,0,0,0,1
3,沉默是金一起沉默的吧,5,0,0,0,0,0,0,0,0,0
2,回复我也很期待看那场分手戏，沫 沫 决绝而狠心，还有少爷绝望的眼神，虐啊···汗，反正我已经做好了抱头，和随时弃坑的思想准备。呃，题材比较暗，口味比较重……跑题了，话说今晚应该会有樱花树下分手的那场戏吧，很期待，那场是我写泡沫这个故事的原动力之一。星期日泡沫日給 歐 辰一個 「 大」 驚 喜,104,1,2,0,1,0,1,0,1,0
0,【中国蓝速递】频道声也出糗 了！这是我从事这个行业以来最WeiSuo 的出镜画面，也是我来集团以来，上我的字幕唯一打错的一次！请从2分06秒开始观看我的惨烈的冲关！为了下一代，我们要冲关！,64,0,1,0,0,1,0,0,0,0
3,快要下雨了。。。你那里呢。。。其实我想问的是。。你带伞了么。。。,28,1,0,0,0,0,0,0,1,0
0,偷西瓜……V5 哇··撒花恭喜！一亿台啦，偷西瓜V5 ，亚麻V5 ＊＊1亿台达成。儿子你等着，娘这台本本坏了就换偷西瓜~ TOSHIBA 「 1?,52,1,0,0,0,0,0,0,0,1
0,谢谢！“你老了，我拿什么给你盛饭啊？”妈妈顿时楞在那里。,21,0,0,0,0,0,0,0,0,0
0,回复只知道玛雅的末日三天黑暗的预言...那就三天吧，三天光明希望这样的经历还是不经历的好，但忧患意识必须要得，不经历不见得没经历，把每一天当作生命的最后一天度过，不想不会不珍惜,54,3,3,0,2,0,1,0,3,0
0,哈哈哈有点损，也不是全无道理穿西服的不一定都是君子，也有可能是唐骏；笑得灿烂的不一定都是真诚，也有可能是唐骏；梳分头的不一定都是汉奸，也有可能是唐骏；高学历的不一定都是博士，也有可能是唐骏……【转】,72,7,2,0,2,0,0,0,7,0
1,啊？？？我还在说你咋还不发样片给我呢！！！我拿不准如何更好操作，萌萌，样片有时间发我吧！！！亲爱的们，Happy Victim 的照片快快发回给我啊！！！你们竟然个顶个的肉快快快快我老大要发飙 了！！！！！@ 翟冠超,76,3,1,0,1,0,0,0,2,1
2,"天阿..快5點 了,,我還 是睡不著..太想你了..大飛",21,0,0,0,0,0,0,0,0,0
0,我勒个去～德迷心态～看着你嫩白的身体在开水中翻滚缩小，心理一阵快感,20,1,0,0,0,0,0,0,0,1
0,虽然年轻、但是专业、负责，一不小心混进了律师队伍、便注定要用一生去挥洒我的真情,24,3,0,0,0,0,0,0,3,0
0,呵呵。同意并严重同意！今晚去领会用了个意绝对同意。agree 即认同《盗梦空间》引进国内号称一刀未剪，主要原因是电影局那帮人的智商，实在不知道从哪里剪起。对此，我深信不疑。,52,3,1,0,1,0,0,0,2,1
0,用赌球网站看国米直播，相当的流程,9,0,0,0,0,0,0,0,0,0
1,抱著膜拜的心理~ 神呀，和副线品牌D & G 的花团锦簇相比，Dolce & Gabbana 的这一季春夏，倒是显得淡雅许多，没有强烈的视觉印象，或是鲜艳色彩的配置，从女性内衣的剪裁和式样获得启发，辅以大量的白色蕾丝做装饰，呈现精致的质感，甚至也结合了蕾丝和招牌豹纹的图腾，对比的冲突让人觉得有趣。,93,10,0,0,0,0,0,0,8,2
0,可是还不都是在装？这就是虚荣和浮华啊。。。时装周就是各种装，不切实际的打扮，痛死人不偿命且男女皆穿的高跟鞋，饿死人也要争抢追捧的超级名牌，轻飘的笑容，妩媚的吸引，全都是为了在镜头下的那一刹那。唯有地铁里孩童天使般的笑容，才瞬间把我带回真实的宁静之中。这是属于我们本来的美好，仅此而已,91,9,4,0,4,0,0,0,5,4
0,沙皇“虽然你扑灭了森林大火，但我心中的火焰仍在熊熊燃烧。”（莫斯科国立大学新闻专业12名女生以内衣月历为普京昨天的58岁生日庆生）。普京身高1.70米，他曾说“我曾是很活跃的孩子，因为不够高大，为了不辱斗士之名，我必须借助武力。刚练拳击就被人打烂了鼻子，因此练柔道，很快就发现了我的优势所在”,93,5,1,0,1,0,0,0,5,0
0,人生无常，珍惜现在。网络id 就是墓碑，每一次签名都有可能是我们的墓志铭。“我是一个特二的人，只会特二的爱，我只是想把一片浮云砸进心坎里。”每次看到，心酸难忍。我们这代人，网络id 就是墓碑，每一次签名都有可能是我们的墓志铭。,74,1,3,0,2,0,1,0,1,0
0,大量的半瓶子技术派散户喜欢在突破之后买进。更有部分“先知”在突破之前“潜伏”，以图更多获利。为了满足这些人的愿望，就在那拉一个涨停，在涨停上短线出货是最舒服的。放心，散户是绝对不会在涨停卖出的，他们觉得明天都会冲高，冲高他们也不会卖。他们脑海里都是美好愿望，再来个涨停~ ~ ！,93,7,1,0,0,1,0,0,4,3
2,不知不觉的你已经去了天堂三年了，你过得还好吗？天使!生日快樂 ！Hi 妳 好嗎 ?很想妳 ！,35,2,0,0,0,0,0,0,1,1
3,曾经想把它当做自己的儿童节礼物...iPad 最新广告来了，果粉们速看,20,1,0,0,0,0,0,0,1,0
0,"老妈,快看!皮肤最爱的食物Top8 。记得常吃！【皮肤最爱的食物Top8 】1.西兰花--增强皮肤抗损伤能力。2.牛奶--增强皮肤张力。3.胡萝卜--保持皮肤润泽细嫩。4.猕猴桃--消除雀斑等斑点。5.大豆--防止色素沉着于皮肤。6.西红柿--展平皮肤新皱纹7.肉皮--充盈皮肤肤、减少皱纹。8.蜂蜜--保持皮肤红润有光泽。",106,8,3,0,1,0,2,0,4,4
0,回复精彩，心态就得这么调整【姜丝语1543】心甘情不愿是在认账中自我折磨；情愿心不甘是在不认账中自我委屈；心也不甘、情也不愿才产生了抗争和奋斗。——当自己毫无办法的时候，要学会心甘情愿，否则就更悲哀了。只有心甘情愿，才是幸福，才是好状态。所以，做人一定要找到自己心甘情愿的事。,86,8,3,0,2,0,1,0,3,5
0,分享图片，天凉了，注意加衣。音乐带给我无限美好的心境~ ，喜欢枕着好音乐入眠，你呢？各位晚安！,31,3,0,0,0,0,0,0,3,0
0,回复早该想到，再加一条！——只能远观，不能。。。围观耍赖今天是怎么了？平时不出来的，今天都冒泡，难道都心情好？你们都心情好了，俺找谁平衡去？搞啥子嘞！。。。做人要厚道，比如赖皮耍赖的时候，厚道人是不能随随便便批判滴！,74,2,4,0,4,0,0,0,2,0
0,"恭喜曾生,恭喜Byron ....!!尖沙咀赫德道6號 地庫",16,2,0,0,0,0,0,0,0,2
2,这个让我想到了“卯个人神马的都是浮云”哈哈哈哈～看了想死。。。1.你是卯个人你全家都是卯个人。2.这货不是卯个人这货不是卯个人。3.我去网上订了一本卯个人。4.我去书店买了一半卯个人。。结果于15日13点公布^ -^,81,0,2,0,2,0,0,0,0,0
0,我震惊了.美帝和棒子一起搞个军演就牛B 了吗？我们才不怕呢，中华人民共和国最强战力之城管部队随时等待人民的召唤，歼灭一起来犯之敌！——< 实拍我国最神秘最牛X 部队城管队军事演习>,53,2,1,0,0,1,0,1,1,0
0,我一直巨巨巨巨巨巨巨稀饭这首歌！《谢谢爱》！）《谢谢爱》,19,1,0,0,0,0,0,0,1,0
0,PS 的唉什么闹剧哈哈，这个搞笑了笑死我了，这个页面上也能判断出木马？这仗打的~ 【即时新闻】今日，腾讯方面突然发布“致广大QQ 用户的一封信”，决定将在装有360软件的电脑上停止运行QQ 软件。这是360与腾讯大战爆发以来最激烈的回应和进展。,78,3,1,0,1,0,0,0,0,3
3,真实再现,2,1,0,0,0,0,0,0,1,0
1,感谢祖国这个人间地狱,4,1,1,0,1,0,0,0,1,0
2,好近好近…笑得萌翻…各种美。。但是怎么感觉眼睛就是没睡好的。,21,0,0,0,0,0,0,0,0,0
1,"回覆靚 !嘉年脑子里想什么？原谅我不纯洁。。對 說 ：見 到妳 的泳衣相,真係",31,2,0,0,0,0,0,0,1,1
2,"太小啦~ ！这世界真是无奇不有啊！太让人震惊了！！美国一个还不够10岁的幼女偷尝禁果并导致怀孕,引起全世界的关注。当今社会的少男少女常在12~ 3岁就拍拖，年龄再大点有不少和伴侣发生了性行为，作为家长应引导各位少男少女应增强抵制各类的诱惑。",71,3,4,0,3,1,0,1,1,1
0,你好幸福哦同样是一天的照片这张还雷吗？那谁拍照技术不好！看我们自家歌迷拍的多美啊~ 呵呵,31,2,1,0,1,0,0,0,0,2
0,"就好似JOHNSON 既座右銘 ：要人尊重你,先要懂得點 尊重人，O 在人际交往中，距离是一种美，也是一种保护。因此，交朋友要有一种弹性，要保持一定的距离。人与人之间的相处，彼此需要一些空间，有时太多亲近，不小心失了分寸，就会造成彼此的紧张和伤害。如果有了好朋友，与其太接近而彼此伤害，不如保持距离，以免碰撞。能保持距离就会产生礼让，尊重对方。",114,7,5,0,2,2,2,0,7,0
0,最省布料奖非他们莫属了四个比基尼少女，其中两个，内裤钱都可以省了。。。,23,0,0,0,0,0,0,0,0,0
2,回复真的？？人都要飞了？？我至今还未感受到凡比亚的威力啊。不过倒是很闷很热。人都要飞了超强台风？？话说这段时间连续来了好多个台风吧。。。,53,1,1,0,1,0,0,0,1,0
0,gogogo 五棵松我来也！！GO GO GO,12,0,0,0,0,0,0,0,0,0
0,蔡赟 ，傅海峰，挺住啊！打倒棒子。。。。。。胜利属于你们，加油加油加油！,24,0,0,0,0,0,0,0,0,0
0,哇哦~ 好神奇~ 下午两点即14点，除以2得7，把7点的位置对准太阳的方向，则12的方向就是北方。,36,1,0,0,0,0,0,1,0,0
2,beijing is freezing like shanghai in feburary .魔都人民驻京办快要办不下去了。,25,0,0,0,0,0,0,0,0,0
0,刚才打电话给老婆，才知道昨天是我的生日。哎，这是第一次忘记自己的生日啊今天，是某个人的生日，我永远祝福他——心想事成！[爱心专递],42,2,0,0,0,0,0,0,2,0
0,我宝宝说这么多人里，我唱的最好！我要吼。亮点是两分四十出现的大合唱支持！：话说我也嫌弃，哈哈大合唱神马的，最给力了。某艳声称“你们的爱”她已经听够了。但是这么high 的全场大合唱，不发不行啊！最后合唱的哪一句“盛开~ ~ ”太感人了,77,5,1,0,0,0,1,0,4,1
0,今天还有个很哈屁的事情，感觉有个人惦念或者被记挂还是很幸福滴顺便嘱咐句：自己一个人在远方，不论是北京还是福建，都照顾好自己，虽然小佟童鞋很强大。也顺祝纽曼公司更上一层楼，这样我们的小盆友不是也可以挣更多米嘛！夏季注意防暑降温多吃少开空调，环保又健康。,76,3,3,0,1,0,2,0,2,1
0,我也有着几套，颜色不同而已我八年了9年了: 八年了: 我呆了6年: 我在东华呆了7年了。很想念。: 我六年了……: 哇厉害啊可惜哥只有初中的: 天呐，幼儿园的: 我的东华史。不知不觉已经差不多九年了。,75,0,3,0,0,1,2,0,0,0
3,还有多少孩子在踢球。,6,0,0,0,0,0,0,0,0,0
0,好美！在羽毛上作画Feather Paintings：Julie 出生在阿拉斯加，独特的气候与环境赋予她不一样的双眼，当然还有技艺，通过这小小的羽毛和画笔勾勒出大自然的宁静和壮美。是否想到《阿甘正传》中那象征着生命轮回的羽毛，在风中渐行渐远，满怀憧憬面对未来。,70,6,0,0,0,0,0,0,4,2
3,"爷们,顶你!明天去上海，我要献鲜花2010.11.19.下午胶州路。",19,1,0,0,0,0,0,0,1,0
0,上学的时候玩儿配音，苏联电影《办公室的故事》里女主角有一句文男主角：“你喜欢诗歌么？”我们把下半句改成了：“不，我们喜欢师妹！”师兄网shixiong .net,48,3,0,0,0,0,0,0,3,0
3,早晨打开电脑就噔~ 的看到这个哈哈哈不过转念一想我落单了,17,0,1,0,1,0,0,0,0,0
2,"额' ' ' 正在回家的路上，现在中州大道车很多,,,",20,1,0,0,0,0,0,0,1,0
2,小朋友？问得好。第一条标语今晚安静的挂起，谢谢志愿者，谢谢民警,18,1,0,0,0,0,0,0,1,0
3,O M LADY GAGA !!依家终于知道爆菊花系点样一回事！人间杯具啊~ ~ ~ ~,30,0,0,0,0,0,0,0,0,0
1,我家孩子11月出生，似乎应该大概一定是赶不上了谁能给我个小孩儿啊~ 我就差一轨童声啦！！！声音要甜，要奶声奶气，还得唱得好一点的～,43,2,0,0,0,0,0,0,2,0
2,还有小阿陆挨得那一剑呢，好像在右胸。先转。。晚点爬楼去。。人工捶地笑噗渺渺我还是好想看到胸口的那伤对手指（胸肌神马的最愁银了> < 2010.9.30涂鸦--当奇迷遇见老大之——番茄酱门事件（本事件纯属虚构……）出于一群疯子默默地“学术研究”，感谢提供的数据统计……看不清字的请点“查看原图”，我先逃命去……,98,2,1,0,0,1,0,0,2,0
2,我知道我再发的话，有可能会被扁，可事实的确是这样啊，我也没办法！——刚才买可口可乐的时候，打开盖子一看“送壹瓶480毫升原叶茶饮料兑奖2010066止”，哈哈~,49,1,0,0,0,0,0,0,0,1
3,王旭身材不错啊，六块腹肌啊t .sina .com .cn xuriyanggang 【哥唱的不是歌】农民工翻唱的《春天里》感动的稀里哗啦，内牛满面,39,1,1,0,1,0,0,0,1,0
1,"上海新天地三期开张营业啦，地址在马当路245号，位于自忠路及与复兴中路之间，与上海新天地通过天桥连接。地下地上各两层共四层的新天地时尚建筑面积为29,500平方米。不同于普通商场的定位，新天地时尚旨在成为孕育中国设计师的摇篮，除了部分国际知名品牌商户外，它还引入新生亚洲设计师品牌。",76,5,0,0,0,0,0,0,3,2
3,我靠，我爱世界杯，美女都豁出去了？中间那个小了点再来一张吧蜜糖们，为了兑现那晚巴西VS 荷兰输球就贴清凉照滴承诺。丫丫我~ ~ 我~ ~ 我就丢脸奉片啦！！,56,1,1,0,0,1,0,0,1,0
0,回复有些错是不能弥补的，比如，伤人的心-品味人生,15,1,0,0,0,0,0,0,1,0
0,回复mandy 明天如何度过SF 过去1111，只能左手+右手+左脚+右脚4个1自个儿玩~ 明天的1111，午饭也将会是4个人各自捧着饭盒子。。。奖品给我给我,50,0,0,0,0,0,0,0,0,0
2,气的说不出话来，真tm 不是人他妈的操~ ~ 该死的人，我深切诅咒你，我平时不说粗口的，但是我现在要闹臭你，做这些的人是臭high ，7头,51,0,4,0,3,0,1,0,0,0
3,回复啊？？？我家是10多年前的旧房子也要装修了不过最近老是事多还没来的急呢不装是不行了啊听你这么一说哎要好好算计算计了装修还好！！你现在试试去！你的房子低于100+都找不到人装修！！！！我要是有了100W 就先去旅游然后用剩下的钱把去旅游买的东西运回来哈哈哈,89,0,4,0,3,0,1,0,0,0
0,"边间医院啊哇...爽啊...甘爽啊！！！有无俾小费人先？边度有咁 服务啊??今時 今日甘咖 "" 服務 態 度"" 先得噶 嘛!",47,0,0,0,0,0,0,0,0,0
0,煎鱼+白汁菠菜蟹柳意粉，我好犀利啊哇嘎嘎嘎嘎嘎嘎嘎,16,1,0,0,0,0,0,0,1,0
2,我也正常运行中，，我没上。。我在MSN 啊~ ~ ~,21,0,0,0,0,0,0,0,0,0
1,热死你你挡不住地: 我不欢迎你: 我会让你防不胜防地。忒缺德了，在我手机里设置星期六早上6点的闹铃。缺德孩子。,38,1,3,0,2,0,1,0,1,0
2,"￥500我日!好人赔的少,坏人罚得少,这世界怎么了!",18,1,2,0,2,0,0,0,1,0
0,实在是极品很普通的一张淡黄色的图。,11,3,0,0,0,0,0,0,2,1
2,毛去过。有利于十二星座转运的城。白羊座——青海。金牛座——香港。双子座——丽江。巨蟹座——阳朔。狮子座——黄山。处女座——武夷山。天秤座——三亚。天蝎座——厦门。射手座——九寨沟。摩羯 座——哈尔滨。水瓶座——敦煌。双鱼座——张家界。,73,1,0,0,0,0,0,0,0,1
3,全球各大媒体曝光萧山机场不明飞行物图片大收集！,11,0,0,0,0,0,0,0,0,0
2,琴心21:54:54你老爸、老妈老了，不是霜的问题哦和老妈的聊天我说老爸该用用眼霜了老妈回的这句。。。。我。。我很爱你们所以我还要好好打拼,49,0,1,0,1,0,0,0,0,0
0,好想吃啊，娜 姐有时间去你家搓一顿呗！！端午节家常小菜，红酒小酌！昏昏欲睡！其乐融融！快乐无穷！哈哈,31,3,1,0,1,0,0,0,0,3
0,"回复是啊，我也这么觉得，希望大家多多参与喔这些建议真不错哟！315到了，回忆购买假货的经历并为OUO 产品的防伪认证出谋划策。奖品4G U 盘参与方法：1,关注2，评论并。又到一周开始了，欢迎大家来参与吧！！顺便展示下OUO 的iboxNAS10 ..哈哈",78,3,1,0,0,0,1,0,2,1
0,亮点在后面！休息休息一下！二哥真的该好好休息了二哥川哥召唤你呢歇歇吧！對 說 ：王導 我在台北等你吃飯 快回來 啦讓 自己休息一下！,47,0,0,0,0,0,0,0,0,0
2,史上最牛的汉语演讲朗咸平批政府腐败现象批得体无完肤，从中央政府缺失监管导致各级地方政府腐败成风，与民挣利！这个演讲视频值得大家好好看看！再好好深思！这个郎咸平，真的好可爱房地产的罪恶秘密】,51,2,3,0,2,0,1,0,2,0
0,自微博每日精选()最让有才的一篇高考满分作文。,15,1,0,0,0,0,0,0,1,0
3,看到航班表就彻底崩溃了迪拜四天，思茅保山早班，香格里拉拉萨早班，上海早班，一天休息，马尔代夫四天，香港早班，北京早班……我知道新乘务长的航班会比较难飞，但是我本来的两天休息已经有一天被临时抓飞的马尔代夫占了，唯一的周六休息还要加个香港给我？让马儿跑也要让马儿有时间吃草啊……,83,0,1,0,1,0,0,0,0,0
2,24日22时10分许，黑龙江伊春一架客机失事。目前伤亡情况不明，相关部门正前往现场救援。2010082422:49,27,1,2,0,1,0,1,0,1,0
2,"不干脆还吃这么香主银;这牌子的餅 干不夠 脆,下次不要買 咯",21,1,0,0,0,0,0,0,1,1
0,【CSD 长阳半岛●美丽长阳杯摄影大赛】今天还会陆续发出很多美图，欢迎大家拍砖。-CSD 长阳半岛,29,2,0,0,0,0,0,0,2,0
0,史上最毒“分手歌”44秒后亮了……【此乃能神曲媲美】,17,1,0,0,0,0,0,0,1,0
0,原来是素颜好得咯！这两天都素颜呢，似乎也没吓到谁发现做人真实点也很好！BTW： 你怎么不一下呢？嘎嘎。。。。。Diesel ，等待中……,48,2,0,0,0,0,0,1,1,0
0,非常巅峰，叹为观止、巅峰制作。这2100万花的~ 《案件现场》的水平艺术水准之高令人叹为观止！非常巅峰。“耗资2100万元巨资打造的3D 动画巨片《雷锋的故事》，国家级动漫产业基地再创辉煌，无论是从技术层面还是艺术层面和商业层面的角度上来说，这都是中国动漫的巅峰之作cctv 正在热播，敬请留意！”,84,3,0,0,0,0,0,2,1,0
0,有男的吗？可是我也消费不起难道你也想去？问：天上人间现在有没有开分店？答曰：急着去天上人间解放身体解放军叔叔您是急着解放台湾去吗？,44,4,0,0,0,0,0,0,0,4
3,郑生。。我已经POST 上去啦。。好明显你无去我微博睇呢。。其实其实。。。我内疚ING 。。。party 现场有摄影师给过路潮人拍照，即影即有。我们从中评选出5大潮色达人。这位是我选出来的，她挑选的奖品居然就是我很喜欢的背包！全场只有一个，没办法了。。。我被横刀夺爱啊！哈哈。恭喜恭喜！建议她POST 这个背包的照片上来！,105,6,1,0,0,0,1,0,3,3
0,好想拥有这张沙发！有MONEY 我地都可以享受孙悟空的跟斗晕想睡在云朵上吗？这个漂浮在空中的沙发Cloud Sofa 是一款概念设计作品，利用磁悬浮的原理，使柔软的“白云”可以浮动起来，躺在“云朵”上放松的感觉一定是棒极了,67,5,0,0,0,0,0,0,2,3
0,有一点小得瑟得瑟啊（丢人啊丢人，哈哈！,13,1,2,0,0,2,0,0,0,1
3,我了个擦。。。我一晚上做了60* 2+20* 2+81+32+40=313道选择题。。。囊括化学历史政治。。我觉得我无比强大了！！！,49,2,0,0,0,0,0,0,2,0
0,一天了就这个可乐，哈哈脑残的二叔啊真是意想不到的结局..让我笑死吧噗哈哈哈哈哈哈HHP 被捅成蜂窝了神结局！太狗血了太狗血了！有个大叔加了我问我是不是处女我说我不是他就批评我不断地批评我说我们90后是不可救药的一代说我们是脑残是非主流是杀马特还说整个群里就我还可以，虽然不是处女，但是还没有误入歧途太深他要拯救我我操！老子是一男的，不是处女又怎么了！！,117,3,7,0,7,0,0,1,1,1
0,多謝 steven 提供登多一張 週 刊無 嘅 俾大家睇...,18,0,0,0,0,0,0,0,0,0
3,回复少爷别生气，少爷要以此为目标哟，哈哈！少爷不预测比赛，少爷习惯带着一帮狗奴才，调戏良家妇女！哈哈哈少爷少爷，快预测下今晚的比分撒,39,7,2,0,2,0,0,0,6,1
0,"回复没有，稍后看看哈哈~ ~ ~ 上个星期天才去见的水濂山大叔啊!你前天没看到我发的微博吗?景色很漂亮哦哦,对了,去过南城水濂山没?景色不错哦!礼拜三，今天如此冷清，人少了，车少了，安静了，生意淡了。。。",70,4,1,0,0,0,1,0,3,1
0,；3、警察局长期卧底；4、殡仪馆的化妆师（经常需要夜班）；5、杂技团高空演员；6、验尸官；7、饲养有剧毒生物（同睡一屋）；8、这钱我不要了！,46,0,2,0,0,1,1,0,0,0
0,好萌~ ~ 玩具贵宾犬，超可爱！！！,13,1,0,0,0,0,0,0,1,0
3,昨天有点想念卡伦太了。发短信告诉她我买了新书包。好奇的卡伦太说很想看。哈哈。但是我们两个都没空。本来我还想跟她一起看日落的,40,2,1,0,0,0,1,1,0,1
3,我要發 財 轉 發 微博。据说，谁看到并这张图片，就会“钱途”似锦，不想发财都难！,31,1,0,0,0,0,0,0,0,1
0,一天之内，再见好股~ 有水为财，明日股市大姨妈全现！。,16,0,0,0,0,0,0,0,0,0
0,"还特自恋: 。老罗才是最NB 的清口啊。完全不做作,还特男人。",21,1,2,0,2,0,0,0,1,0
3,为什么生在这个国家的人都喜欢扼杀国家的未来，从毒奶粉到接连不断的砍杀事件！！！我们的国家，这是怎么了？？？？陕西省南郑县一幼儿园12日上午8时左右发生一起砍伤儿童事件，已造成7人死亡，20多人受伤。目前，伤者被送往汉中市的3201医院等地抢救。怎么了这是？痛苦的纳闷中！！！！,87,1,3,0,1,1,1,0,1,0
2,国庆第4天，宅在家里写长达5000字的实践报告~,16,0,0,0,0,0,0,0,0,0
2,【悲啊！】?奔3?没房?没钱?没相貌?没身材?没气质?没学历?没文凭?没才?没材?没财?没经验?没成绩?没身份?没背景?没梦想?没创意?没事业?没工作?没死?老爸不叫李刚?今天又得过节了。。。,75,2,0,0,0,0,0,0,2,0
0,回复真老实假老实真假老实不老实真老实假老实真假老实不老实情真人情假人情真情假人难分！【上联】左金莲右金莲三寸金莲量金莲。各位诗友把玩【下联】否？,44,9,0,0,0,0,0,0,9,0
3,回复对哦，心理年龄如果30那把俺说得太老了。。你问他问的是你的生理年龄还是心理年龄30！俺看了边哭边笑，边笑边哭。。,45,0,0,0,0,0,0,0,0,0
2,"房产局长日记必火: : : 。要坚决堵住‘堵路’、‘堵政府’的事件发生。”精彩不亚于< 韩局长日记> ,请速围观",39,2,0,0,0,0,0,0,2,0
0,[愛 心專 遞 ]一见钟情太虚妄，天长地久是奢侈，及时行乐最真诚。10.22甜蜜选择待嫁而沽！国庆假期刚结束，横板内地海报微博首发祝大家国庆后有个上班的好心情啦~ ~ 速速，收获开心啦,57,5,4,0,4,0,0,0,3,2
0,雲 朵被還 沒 上升的太陽 公公早照射的一瞬間,17,1,0,0,0,0,0,0,1,0
3,没有你的日子。。我真的好难过。。。亲爱的手机，你就这么离开我了？我咋感觉在做梦呢？完全米有了时间概念。。生活完全变成了另一个样子，我进入了另一个世界。。。,56,1,1,0,0,0,1,0,1,0
1,昨天看到那几个脑残儿的高兴的笑容满面的pose 照片了。如果他们不是媒体人，我不会这么愤怒。其中一人是，自己可能意识到不妥，已经把照片删除了。,42,1,2,0,2,0,0,0,0,1
0,阿阿阿阿阿，救命啊，怎么会这么可爱啊！！！。家裡 想添丁的朋友可以看看骲 aby shoes collection !,33,2,0,0,0,0,0,0,2,0
0,大考还有两个星期，从今日开始发奋，日日要煲图书馆，日煲夜煲，我一定要科科摞B 以上！发奋--------------------直到12月16日！,52,3,0,0,0,0,0,0,3,0
0,不早，不早，只怕也是早晚的事儿早来五年多好，和他拜把子的就是良宇了。。李敖跟上海市长韩正互相钦慕，互相赞扬，一直有反骨的李敖，终于修成正果，修到境界了。,52,4,0,0,0,0,0,0,3,1
2,都想着嫁几次的打算啊.....“头嫁随心、二嫁随身”，应该是指头嫁选自己喜欢的，二嫁选合适自己的吧？照这标准，你目前的选择对象显然不靠谱。但我以为这把岁数了，如果不图男人给我们带来钱财或虚荣啥的，那就找说得来的、且很喜欢你的那个他吧。条件都次要，只要不因嫁对方就弄一屁股心事或债务，就可嫁。,99,4,2,0,1,1,0,0,4,0
3,我晕，我啥时候说过我是男的？天！怪不得我的粉丝里那么多MM 你是女人吗？不可能吧其实我最大的目标就是上来征婚，其他的都是浮云啊，哈哈)我的粉丝数要啥时候才能突破1000呢？我能不能在微博上找个老公呢？,66,4,0,0,0,0,0,0,3,1
3,有图的美腿小窍门哟~ ~ 美腿小窍门，让你的腿更苗条漂亮~ ~ { 美腿小窍门} 1：用手摩擦脚骨之间、使脚指骨淋巴流动、2：握紧拳头在小腿两侧上下用力按摩，重复10次、3：握紧拳头在小腿跟腱 部位，上下按摩10次、4：像拧毛巾一样的对小腿肚进行按摩，3、4处重复10次、5:按摩小腿肚，让已经分解的物质流动淋巴---》马上试试呢！,109,2,0,0,0,0,0,0,2,0
0,最辉煌的辽宁女排退役合照~ ~ ~ ~ 希望姐姐们离开排球会更快乐~ ~,26,3,0,0,0,0,0,0,2,1
0,惠存。全身。周笔畅--巨星演唱会全程有点远。。。环绕立体声一下。ps： 众亲妈不惧八万人的场子力图通过嘶吼冲破围栏奔向舞台。。。,41,2,0,0,0,0,0,0,1,1
0,很实用！收下了~ ~ 身体是革命的本钱，学会了自己给自己按摩一下吧。如图所示，比如我们的脚趾分别代表了我们眼睛和耳朵，而整个脚底就相当于人体身体的主干。脚上各个穴位所对应的内脏。按摩的时候，对准穴位下力，才能对我们身体有益。,72,3,0,0,0,0,0,0,3,0
0,看座。。。还有那熟悉的。。。今的嘴没张。。。,18,0,0,0,0,0,0,0,0,0
0,【豆腐干、凉瓜炒蛋、糖醋鱼、炒黑木耳、紫菜豆腐汤……】开饭了猜猜是什么菜？,23,0,0,0,0,0,0,0,0,0
3,我名字是33还是34画？太跳tone 了。12画，我是靠嘴吃饭的。不过也是废话，不然饭还能怎么吃。: 惭愧，me too : 不好意思说！你的姓名笔画加起来的总和，能预测出今生将靠什么吃饭。【靠脸蛋吃饭】15、17、22、25、33、45；【靠异性吃饭】8、10、16、26、27、32、35、40、43；【靠嘴巴吃饭】7、11、12、13、21、23、29、31、37、39；【靠手吃饭】9、14、18、19、20、24、28、30、34、36、38、41、42、44我靠异性吃饭,166,1,3,0,2,1,0,0,0,1
2,我葱，我想你,6,0,0,0,0,0,0,0,0,0
0,有过，^ _ ^ 被妈妈这样叫过起床的童鞋请举手。。。,20,0,0,0,0,0,0,0,0,0
3,今天早饭，我硬生生把汤圆煮成了面疙瘩....,11,0,1,0,1,0,0,0,0,0
0,我的假期在哪里？？第一天学习,9,1,0,0,0,0,0,0,1,0
0,杭州宣传视频片段，由冉吧的远航的风帆MM 提供,14,0,0,0,0,0,0,0,0,0
0,不用着急。静静地等待梦想长大。很喜欢。“不用着急。静静地等待梦想长大。”（如果可以速成的话，那还有什么珍贵的呢？如果不用等待，也就不美好了吧？如果不用努力就可以得到，那还叫什么梦想呢？兔子先生想要和梦想一起长大。）,68,4,0,0,0,0,0,0,4,0
0,顺便说点什么吧...我承认~ ~ ~ 我是王导的侧脸控~ ~ ~,24,0,0,0,0,0,0,0,0,0
0,有一天，在汪府，冯大厨做火锅，和吃客合影留念，证明到此一游~,18,0,0,0,0,0,0,0,0,0
0,分享图片难道他也是从现代来地么？,11,0,0,0,0,0,0,0,0,0
3,把24小时的E24 又看了一遍，仍然眼泪哗哗的~ ~ ~,20,0,1,0,0,0,1,0,0,0
3,BT 给我勇气活下去吧～～原来小月月发源于日本，此图为真相！！！！我咋又联想到小月月了，MD 。好奇怪的日本。,41,3,0,0,0,0,0,2,1,0
2,好吧我现在是耳鸣加舌头痛外带蚊子咬的两个包。。。事情总是不会按照自己相像的方向发展希望越大失望越大只希望主保佑我一切顺顺利利工作我必须马上结束受不了了我重新当回阿宅在家瘦身不二仔啊约会还是要照常举行的我计划的一切还是要做到纵然我现在累的要垮掉换个方式发泄吧,79,6,1,0,0,0,1,0,5,1
0,对说：入围了三次的金钟，小猪今天一定要得奖啊！哈哈,17,2,0,0,0,0,0,0,1,1
1,大混蛋，听着一点食欲也没有！你们来我这吧！哈！小混蛋要吃什麼 ?有野生玉米糕!她近來 頗 肥美.....大混蛋上回复有好吃的吗？没好吃的不来！哈！你过来探班吧.......大家好，我是来自西域的‘米丽古丽’，旁为盟主‘赵小赵’同志。我们今天刚完成了14小时的拍摄，整个人彻底的湿透，徘徊在中暑的边缘。但幸好，我很喜欢剧中的角色，非常过瘾.........好吧，就当我在桑拿房睡过头吧..................,123,5,4,0,4,0,0,0,4,1
2,没想到这么严重,3,0,1,0,1,0,0,0,0,0
0,的微博被什么人托管了呢？你就不要哈哈笑了，整体看你的微博都是笑了。呵呵，看笑话，改善一下候诊心情呢。这家人真有钱，丢个媳妇像丢垃圾一样轻松城里人就是不会过日子，这么好的媳妇说不要就不要了。。。(投稿),66,2,0,0,0,0,0,0,0,2
0,第一张，萌倒了太可愛 了，不轉 不行只想善良地亲两口o ^ ^ o,24,1,1,0,0,0,1,0,1,0
0,本来我家小朋友就是娇宝宝嘛，再说在玉米面前，娇嗔 的本性根本不需要掩饰。李小姐放下花之后，就开始娇嗔 的甩胳膊。怎么个娇嗔 呢？就是想甩又怕抽到别人的那种很小心的扭着甩，此时有人喊道“胳膊累了！”于是我们明显的看到甩胳膊的幅度增大了，自然娇嗔 度也上升了==,87,3,2,0,1,1,0,0,2,1
0,每一次都是有别于以往的哦除非国家准备彻底消灭某一个行业你不能帮员工共度时艰，那么员工也不和你共度难关。这就是为什么有些公司，在市场回暖之际死跷跷——员工不可能对这样的公司有忠诚度,55,0,0,0,0,0,0,0,0,0
0,这个给力！秒杀everybody ！好牛X 的凤爪啊，挂了还要fuck everybody ！(投稿),26,0,0,0,0,0,0,0,0,0
0,型IPHONE 7美國 上市！IPone 5代,12,0,0,0,0,0,0,0,0,0
0,笑死了女孩们看了不要脸红啊！,11,0,1,0,0,1,0,0,0,0
0,上个月在宠物店见到一只黑色的，也挺大，不过没这个白的大，可能是拍摄角度问题，不过巨贵真的很大很大~ ~ ~ 哇！不会有这么大吧，求真相~ 体育场里看到的巨型贵宾！忒可爱了！主人表示压力很大（来源：@ 红薯头）,70,2,2,0,2,0,0,0,2,0
0,看到后的第一反应@ 栀子花的爱@ 周杰伦@ 王力宏送你一壶酒！@@ 微博新版原创主题微博，被转3次以上私信@ 仰韶酒官方微博，即有机会获得1瓶绝品的古法酿造仰韶彩陶坊酒！,57,1,0,0,0,0,0,0,0,1
0,秋天来了来点清爽的可爱的淡雅绿色香水沐浴乳香香的润体它们是一个快乐的CHANEL 小家族如果世界上还有什么我在乎的那就是我的身体,37,4,0,0,0,0,0,0,3,2
0,回复心正，身正，何惧之有？,8,0,0,0,0,0,0,0,0,0
0,肉麻的小黑人！！不过我好喜欢耶~ 最近大爱你俩了！给我一点正能量！甜蜜！你们就是两个一起长大的孩子般一起体会着各阶段的爱乃至人生百味~ 难能可贵呐！羡慕嫉妒恨呐！我也想那个小黑人！晚安……可愛 吧…哈哈…好久不見 了。想妳 了！,81,5,3,0,3,0,0,0,3,2
2,点滴滴完了%> _ < %.........医生说明天还得接着打%> _ < %.....................,27,0,0,0,0,0,0,0,0,0
0,下面是PS 的到底哪张是PS 的？黑白照片隐藏着的秘密。其实PS 思路自古就有。,26,1,0,0,0,0,0,0,1,0
1,我国每年约有20多万儿童失踪，目前仍然没有放弃寻找的案件逾60万件。有超过100万个家庭处于无限的煎熬之中。对丧尽天良的畜生就该斩立决处以极性，TMD 人贩子。看了全文，人贩子太可恶了“不能动，不能动，‘爸爸’回来会打死我们的。”,70,1,7,0,6,1,0,0,1,0
0,今天跟我们跟剧组的老师神吹。她说我太能说了。完全可以介绍我去当经济人了,25,0,0,0,0,0,0,0,0,0
0,婚外恋@ 求签,4,0,0,0,0,0,0,0,0,0
2,回复放心，有小攻帮乃【哔 ——】菊花什么的！因為 如果看到緊 張 部份菊花一緊 就拉不出來 了不是嗎 恐怖的厕纸~ 这个不错~ 要多少米啊【。,52,2,2,0,1,1,0,0,1,1
0,真可爱……我推你一把吧....，預 備 ......一、二、三......，辛苦了....小短腿狗狗,29,1,0,0,0,0,0,0,1,0
3,啊哦人生苦短怎么开心怎么来,8,1,1,0,1,0,0,0,0,1
1,貝 貝 知道你相親 去必哭崩相亲会，对方家长把孩子写真都拿来了...,23,0,0,0,0,0,0,0,0,0
0,额。。这回看不成世界杯了杯具啊真的！我愛 世足逤 UT !CUT ！CUT ！演技太烂了！有人知道这是哪场比赛的吗？？？,43,0,1,0,1,0,0,0,0,0
0,高手……有才。。。。。。Hardwork =8+1+18+4+23+15+18+11=98%Knowledge =11+14+15+23+12+5+4+7+5+96%Love =12+15+22+5=54%;Luck =12+21+3+11=47%;Money =13+15+14+5+25=72%;Leadership =12+5+1+4+5+18+19+9+16=89%;Attitude =1+20+20+9+20+21+4+5=100%。因此，态度决定一切。@ 韩寒精彩语录,149,2,0,0,0,0,0,0,2,0
0,再转。长大后我就成了你,10,0,0,0,0,0,0,0,0,0
0,爱上毛主席鸟~ ~ 从明天起，做一个幸福的人喂马、劈柴，周游世界从明天起，不关心我有一所房子，面朝毛公，心花怒放从明天起，和告诉他我住在钱的家里那幸福的闪电告诉我的我将告诉每一个人）,64,4,0,0,0,0,0,0,1,3
0,我赛！！真棒！！！！！！！说鼓是灵魂，于是就有了这货,21,0,0,0,0,0,0,0,0,0
0,。。。崩溃。。大姐~ ！怎么比啊！何必自取其辱呢！！！还是回你的北京唱你的《祝你平安》去吧！,34,0,1,0,1,0,0,0,0,0
0,"从心去调节自己~ 平衡,让自己每天好心情吧。谢谢老婆大人聊天里给我灌输的一些思想~ 还是老婆好。",31,1,0,0,0,0,0,0,1,0
2,嗯，我记得以前据说有考艺术类的考生，面对着试卷上的问题：“请说一下八大山人的画风。”有考生非常有才地答：“那是八位隐居山林隐士，画风独特，别具一格。”十八里相送到长亭，十八里相送到长亭。那么优美的调子，唉，提起我都会唱。综艺节目中评委问选手一个问题，“十八相送”是讲哪两个人的故事？A 牛郎织女B 梁山伯祝英台。选手一直沉默到最后五秒才勉强选了个A 。晕倒。牛郎织女那不是十八里相送，那是××光年相送好伐。悲摧的梁祝啊。,134,4,2,0,2,0,0,1,3,0
0,"中老年,无聊而孤独。百年孤独少年，被爱而孤独；青年，焦虑而孤独；中年，忙碌而孤独；老年，惦念而孤独。@ 刘俊来",35,0,8,0,2,0,6,0,0,0
0,这么小也关心时事？！一幼儿园的小破孩躲在厕所里吸烟，被老师抓到，老师问他为什么吸烟，他低下头，深沉的回答：船长被抓了，老师也叹了口气说：哎，给我也来一根吧。,56,0,0,0,0,0,0,0,0,0
2,"集权制度有它的好处，但必须事事以整个大中华民族子子孙孙世世代代之永世福址为重及为大！及爱财爱权必须取之及用之合乎正道！（注：无伤整个大中华民族子子孙孙世世代代之永世福址、完整及未来者，为之正道！）《东方早报》比较彪悍 ，发了朱泽厚去世的消息，标题是《原中宣部长朱厚泽去世80年代力主"" 思想自由"" 》。文称：朱厚泽任中宣部部长期间曾提出"" 宽松、宽容、宽厚"" 即"" 三宽政策"" 。他曾表示，民主法治的国家制度比其它制度更有弹性，易于更新、发展和完善。集权制度有它的好处，但从长期看靠不住。",154,11,2,0,1,0,1,0,10,1
0,这才是真正的《Cockney Girl 》,10,1,0,0,0,0,0,0,1,0
0,amazing !海洋公园十月全城哈啰 喂2010广告完整版有被吓倒吗?,17,0,0,0,0,0,0,0,0,0
0,谢谢-李敏镐,4,0,0,0,0,0,0,0,0,0
0,。yinubajian ZT 造句。1、东方明珠被雷劈雷公表示系临时工所为。2、东方明珠遭雷击专家称此雷五十年一遇。3、雷公：东方明珠被雷起火是法盲悲剧，作为执法者我没有歉意。4、东方明珠被雷周边高楼情绪稳定。,53,2,3,0,1,0,2,0,2,0
0,回复我也是的。喜欢韩餐好大一碗,11,1,0,0,0,0,0,0,1,0
2,转俺老乡！回来吧孩子！唉这些禽兽不如的贼【伸手即慈悲，微博力不薄】这条寻人启事信源可靠，拜托大家帮转!!据失踪女孩同村的博友说：淄博新闻、山东电视台农科频道等主流媒体已报道，俺上网搜索过，确是,61,4,2,0,1,1,0,0,4,0
0,天~ 化身成精了杜蕾斯破产了不算悲剧，杜蕾斯破了就可能是大悲剧。杜蕾斯你们广告部门也太……神马了吧。马赛克是我加的。来自洋葱画报不过好像已经被和谐了，我就不给地址了,54,1,4,0,2,0,2,0,1,0
0,遇见了，我微笑地感激，我走进你的世界；离别时，我感激地微笑，我的世界你来过。有时候，这个世界很大很大，大到我们一辈子都没有机会遇见。有时候，这个世界又很小很小，小到一抬头就看见了你的笑脸。所以，在遇见时，请一定要感激。相爱时，请一定要珍惜。转身时，请一定要优雅。挥别时，请一定要微笑。,97,14,1,0,0,0,1,0,10,4
3,刚下飞机，回到家发现钥匙没了，拿着备份钥匙的爸妈还在坝上草原...《快乐大本营》也该结束了吧...我滴悲惨人生啊~ 还好家门外还有无线网，坐等人来接我去别的地方过夜吧......看了的人上来说句话，告诉我好不好看啊！安慰一下我受伤的心灵吧~ 我在录节目！娜娜帮我看起来！快乐大本营开始啦！你们是边吃饭边看吗？？？哈哈,101,5,1,0,0,0,1,0,1,4
3,“不能就这么算了！”----都跟自己说了无数遍……很多时候，你不懂，我也不懂【想着想着就算了】生活里，有很多转瞬即逝，像在车站的告别，刚刚还相互拥抱，转眼已各自天涯。很多时候，你不懂，我也不懂，就这样，说着说着就变了，听着听着就倦了，看着看着就厌了，跟着跟着就慢了，走着走着就散了，爱着爱着就淡了，想着想着就算了。,122,1,0,0,0,0,0,0,1,0
3,我擦！TvT 还是凸姨带感哇！→弄脏他射在她脸上！太干净了！弄脏！TvT 小明不哭，小明坚强！╮ (╯ ╰ )╭ 谁家夫妻不是哈皮一辈子什么的…虽然前有朱什么晓，后有南什么叔…小明看到会哭死…当事人小明能看到哇=w =把纱布缠手上！拳击手感觉！…过会，“咦……怎么像木乃伊……”,97,2,1,0,1,0,0,0,2,0
1,您的眼神叫悲愤，您诚挚地表达了我的一份心意。誠 意送給 菲律賓 警察部隊 !!!!!!!!!!,35,1,0,0,0,0,0,0,1,0
2,为什么用繁体？…再轉 一次。high 的喲 …小李子。。。乃们这样让冷兔如何盗梦。。今天烦心事好多。。睡了。。晚安各位~ ~,42,0,0,0,0,0,0,0,0,0
0,回复我对没有谅解。尽管要骂的是上面。不过，照样要骂。每家报纸都像你们一样，中国不用改变了。感同身受。那些在现场奋战的兄弟们辛苦了、委屈了！。,47,3,1,0,1,0,0,0,1,2
0,漂亮喜欢穿旅游鞋和帆布鞋的人很多，百年不变的鞋带系法是不是有些单调？变个小小的魔术让鞋带也美丽起来，只要动动手，就是那么的简单。,36,4,1,0,1,0,0,0,3,1
3,截至4月25日17时，玉树地震已造成2220人遇难现在有60台负离子氧气机已经投入使用，轻度高原反应者使用半个小时就有明显效果。请协助：第一个“中国扶贫基金会-加多宝公益吸氧站”已经在玉树结古镇玉树州委门口对面建立起来并投入使用，提供免费吸氧服务（30%浓度氧气，对轻度和中毒高原反应者有作用），欢迎在玉树的志愿者、医生、救援人员、记者前往使用,96,3,1,0,0,0,1,0,2,1
0,對 說 ：叫洪诗也开呀。大家开才是真的开。！！,19,0,0,0,0,0,0,0,0,0
1,。# 7777万块的天价君子兰# -阳光911,13,1,0,0,0,0,0,0,0,1
0,【1030】【微博直播】“主持界是需要有一个新的面孔”，这个面孔就是周杰伦。是不是？MR .J 频道，杰伦实在太屌 了！,40,1,0,0,0,0,0,0,1,0
0,回复还可以，主要是公司那位副总休病假啦，所以，几年不做的执行工作又捡起来了，哈哈谢谢！太好了。明天的事忙坏了吧尚品啊有点累，抽袋烟，哈哈波波的作品！,49,2,0,0,0,0,0,0,0,2
0,休息这个动作撑住挺舒服的。,7,0,0,0,0,0,0,0,0,0
0,今天湖人赢得开门红，好开心，而且听说传说中的热队失利，一点都不难过。,20,1,2,0,1,0,1,0,1,0
3,。“那边危险，你们站过来点……”,12,0,0,0,0,0,0,0,0,0
0,搞错了。。。原来是今天夜里，还好明天不早起~ ~ 我要看~ ~ 额。。。额。。。要去给结婚的某女守夜。。。正好看272【电视直播通知】神奇教练的对决是本场比赛的一大看点。在2010世界杯欧洲区预选赛上，当时执教俄罗斯的希丁克正是被勒夫的德国队双杀，被迫去打附加赛，最终功亏一篑。明天凌晨2点45分CCTV5 电视现场直播，谁能取得最终的胜利？我们拭目以待我德,107,3,1,0,0,0,1,2,0,1
2,旧书城是10多年前的事情了，我写的那年，是最后一年。，我才27啊。但我大概二十岁以前就在《21世纪经济报道》上看你的文章了啊，旧《书城》是六七年前的事吧？,57,0,0,0,0,0,0,0,0,0
0,哈哈哈，好像我冥王的造型也很受欢迎～cosplay 不要忘了老夫～哈哈哈哈船长，我们啥时候也cosplay 一个？灰常8错涅~ 2010ChinaJoy 东北赛区决赛第一佬 饫 ?,45,0,0,0,0,0,0,0,0,0
3,最后一个名额了就给我个机会吧7月17日活动开启，3D 网游《剑网3》开拍电视剧啦！本条微博1，2留言的人群中，抽取一个幸运者去山东探班，与谢霆锋、@ 蔡卓妍，亲密接触，更有机会获得3000元现金、日产骐达汽车！并从参与者中抽取数名，每人赠送100Q 币。本次活动举办10天，每天公布获奖名单，并重新发布活动微博。,97,2,0,0,0,0,0,0,1,1
2,草菅人命何时止？有势力和愤怒的人都开始杀人玩了生命权都无法保证，谈何尊严？禽兽不如！灭绝人性的杯具！令人发指惨绝人寰！谋杀罪成立!车轮下的老百姓！12月10日，河北平权县拆迁，居民阻止施工，官员指挥载重卡车，碾压阻挡的百姓，司机不敢杀人，下车了，包工头上车，将卡车碾压向没离开的两名村民，事发时警察在场，警察没有救人，反倒阻止村民救人，致使阎海在轮子下90多分钟才被拉出。,109,2,6,0,6,0,1,0,2,0
0,阴险之极这是什么意思呢！。寓言一则,11,0,1,0,1,0,0,0,0,0
1,晚上和小兰姐去逛街。被欧时利的导购小姐给忽悠了，脑子发热差点买了两件短袖衬衣。幸好，突然清醒过来了。,30,0,2,0,2,0,0,0,0,0
2,为什么她会打电话问你，难道你没去总校吗？真的很担心你会出什么事啊！！,25,0,1,0,1,0,0,0,0,0
3,你点亮了偶的思路。转1任您怎样以身作则，他们都更爱贪财泡妞和写日记。——体制不变革，总理难消停。,33,0,0,0,0,0,0,0,0,0
0,高清！喜欢！必须转存！谢谢亲的分享王力宏11月14日苏州演唱会，高清哦,21,2,0,0,0,0,0,0,2,0
0,啊哈~ ！六个人稳居前六！看来我们不是没有发火的潜力的~ ！来，咱们神马时候满足一下狮子的愿望吧~ ~ ！！让她的大学生活圆满~ ！！！看看前五名！！！我宿舍的姐妹们！！太牛了！不行了！【发起火来最强悍的星座排名】第1名—天蝎座；第2名—狮子座；第3名—白羊座；第4名—魔羯 座；第5名—金牛座；第6名—射手座；第7名—双鱼座；第8名—水瓶座；第9名—处女座；第10名—巨蟹座；第11名—天秤座；第12名—双子座。,150,4,2,0,1,0,1,0,1,3
0,撒花~ ~ 即日起至活动结束，每天下午6点更新今日排名。活动时间: 9月16日-10月11日,31,0,0,0,0,0,0,0,0,0
0,"回复.)7。。给奖品人有四肢,男人下面多了一肢,就有五肢.那么,1个男人和1个女人在一起的时候,一共有几肢?",39,0,0,0,0,0,0,0,0,0
0,不会吧用他会节省预算吗导演如果为了环保或者文艺效果我可以理解，但是票价不对劲，这一条条的文字加在一起，估算一下省了小2千万吧；买版权的钱一分都没有浪费，几乎台词都按照原著扒下来的；是不是混音的监听有问题，还是得罪了录音师，还是风格问题；女主角是井柏然的龙凤胎妹妹；男主角可以弥补张艺谋导演的遗憾吧。想吃山楂,91,2,3,0,2,0,1,0,2,0
0,太抽了，不过就是喜欢这样。哈哈志龙以前也有这种类似的照片呢，真可爱呀。这张好喜感！,28,3,1,0,1,0,0,0,2,1
0,那脚趾也应该向下吧？请教专家来做权威回答倒着是倒着，但他的脚不是伸直的，你还没当爸爸吧胎儿在妈妈肚子里是倒着的，这个好像是端坐着啊这脚劲真大。。,54,3,1,0,1,0,0,0,3,0
1,我们的国家为什么要用这群流氓，猪狗不如。仇恨的目光，如投枪，如匕首！这是我在天涯上看到的很震撼的一张照片，城管抓走了他们做小贩的妈妈，这孩子仇恨的目光让我感动，想流泪。这眼神对世界的失望。一个孩子理想社会的坍塌。是对这样万恶的社会的控诉。照片可以得普利策奖了。,85,0,7,0,4,2,1,0,0,0
3,我操！！中场的时候得知上半场是第七分钟进球的，一个念头闪过：要是下半场第七分钟再进一个，那岂不是杯具大了？我太TMD 邪恶了，我怎么算的这么准啊,46,0,3,0,3,0,0,0,0,0
0,"我对不起全国人民，我拖全家人民的后腿了，我去美国拖他们的后腿去了。对不起全体上海人民哈,为了表达对上海的热爱,我决定明天就去北京,拖他们的后退.对不起！拖大家后腿了。感谢用前腿做统计的人士！via 和菜头",67,2,3,0,0,0,3,0,2,0
0,天津体育中心，外形像飞碟啊。哈,9,0,0,0,0,0,0,0,0,0
2,今天有一股劲儿想要去跑步的了，但是看看自己的脚，好怜惜它哦！日子过了那么久，它还是隐隐作痛~,30,1,0,0,0,0,0,0,1,0
0,我脖子附近还真有一个痣真的有喔！哦【十二星座你的幸运痣在哪里？】白羊座：前额和脸颊。金牛座：耳朵、脖子。双子座：手、肩膀、鼻下。巨蟹座：胸。狮子座：眼旁、背部、肩膀。处女座：腹部、肚脐。天秤座：腰部、下颚。天蝎座：嘴唇附近。射手座：臀部。魔羯 座：下颚、膝盖。水瓶座：发际、手腕、脚跟。双鱼座：脚。,97,1,0,0,0,0,0,0,0,1
3,饿。。。忙得都忘记点餐了，好饿好饿，我的面条，你在哪里呀？！,26,0,0,0,0,0,0,0,0,0
0,哈哈哈哈哈哈哈哈哈哈哈哈谁来救救我的HHP ！！满神给GN ……PS 各种苦手T .T,27,0,0,0,0,0,0,0,0,0
0,跋山涉水的，其实，艳遇就在拐角处好帖，收藏了。阳朔西街（心里的乐园）西藏（邂逅背包女孩）墨脱（邂逅爱情）泸沽湖（多少激动人心的故事都在夜晚发生）丽江（原来是座艳遇之城）凤凰（一点点醉意，一点点忧虑）香港（想起艳遇）上海（醉在迷朦 中的夜晚）稻城亚丁（浪漫邂逅相遇）五一到了，你懂的。。,91,7,1,0,1,0,0,1,2,4
0,千萬 別 以為 我只喝有酒精成分的飲 料哦，，雖 然我承認 我比較 酒鬼,30,0,1,0,1,0,0,0,0,0
0,回复我怎么知道你能不能理解呢？如果能理解会觉得醍醐灌顶，如果不能理解会觉得是在忽悠，你说是吧？看你对SNS 、微博理解有多深？特别是对其本质的认识到什么程度了？我说话直，别见怪！你有什么想法，让我听听看睡了半天睡不着，有谁认识张朝阳的？刚刚想到一个打败新浪微博的方法。。。。。。,91,5,1,0,1,0,0,0,5,0
2,清明了你们，永远。。。永远。。。,12,1,0,0,0,0,0,0,0,1
2,爱情具有排他性，爱情需要专一。早上好，我的朋友们！能牵手的时候，请别肩并肩；能拥抱的时候，请别手牵手。能相爱的时候，请别说分开；拥有了爱情，请别去碰暧昧。早安,50,7,1,0,1,0,0,0,7,0
0,那就远离电脑吧！看电影去！今天8月13号，黑色星期五,18,0,0,0,0,0,0,0,0,0
0,哈【温馨】好可爱的女儿，更可爱的爸爸。,14,3,0,0,0,0,0,0,3,0
0,国家统计局最新发布数据，8月居民消费价格快来参加我们的活动，说说您的看法吧！,23,1,0,0,0,0,0,0,1,0
0,这个说点什么呢~ ~ ~ “波兰总统：我坠机了，郁闷啊。林彪回复：沙发，同楼主，杯具。金正日跟贴：只坐火车的飘过，安全。张作霖跟帖：楼上sb ……“,50,1,1,0,1,0,0,0,0,1
0,党先进的性教育，那确实那确实手机党mark : 擦，网易的网友真牛啊，去围观。: 哈哈: : 必须为有才的网友再顶一次！新华社发起摄制百集电视片《共产党人》的网易跟贴,54,7,0,0,0,0,0,0,6,1
0,期待中iphone 国庆快乐！亲爱的粉丝们，小沃又要发奖品啦！当粉丝数到达20186时，小沃将送出价值4999的时下最IN iphone4 哦！！！请大家注意活动规则：先@ 沃领先锋为关注，将此活动原文并@5 位好友！就有机会参加抽奖哦！大家行动起来吧~ ！,83,4,0,0,0,0,0,0,2,2
3,假期都快过了。。。但是我还是继续做一些没有意义的事情,18,0,0,0,0,0,0,0,0,0
0,"我爱右边第一个男人。哈哈。右边那个男人~ ~ 嘻嘻眼里只有你啦~ ~ ELVA ,阿魯 巴,踏浪,小豬",34,2,0,0,0,0,0,0,0,2
2,希望能平安啊，有担当的男孩，加油啊为很努力的天蠍 小盆友祝福吉人天相!!别忘了之前约好在京城茶聚的!!加油......,35,5,0,0,0,0,0,0,4,1
3,这只也死了。。。,8,0,0,0,0,0,0,0,0,0
1,手套变身松鼠，想不想试一试？,9,0,0,0,0,0,0,0,0,0
2,哈哈，肯定会被赶出去啦！公然示威啊！呵呵.对的很公整.“你妈的，他妈的，你他妈的。”...,31,3,1,0,1,0,0,0,1,2
0,妞这是做俯卧撑呢？又见小雀斑托妞~ ~ ~ ~,19,0,0,0,0,0,0,0,0,0
3,杯具呀..准备防晒和晒后修复呀！我拍个外景就各种过敏红肿了，再去个机场真的可以直接躺倒了..霄云发布会在即，一切准备就绪，为熬夜改串词和新闻稿的雅璇和胃疼的丁萝 莉 鼓掌,56,1,1,0,1,0,0,0,1,0
0,手机帝啊上课玩手机最高境界，此哥必须膜拜。。。(投稿),18,4,0,0,0,0,0,0,4,0
0,小修的温暖笑容。不止这些.还有JJ 的《原来我不帅》喜欢看台湾偶像剧的朋友看过来，台湾演员来啦！通过《白色巨塔》、《战神》、《痞子英雄》等知名偶像剧，修杰楷这个拥有迷人笑容的亲切大男生吸引了许多人的注意。欢迎关注我想我應 該 可以很快就熟悉微博的~ ~ 加油!!,87,12,1,0,1,0,0,1,8,3
0,这世界真的什么样的人都有，太没有良心了。看了全文，人贩子太可恶了！“不能动，不能动，‘爸爸’回来会打死我们的。”,40,0,2,0,2,0,0,0,0,0
0,·这图真形象以后不要说3Q 了，3和Q 打起来了……,20,1,0,0,0,0,0,0,0,1
0,笑口常開 小心皱纹呀超尴尬~ ！眼见为虚啊！！哈哈哈,18,0,3,0,1,1,1,0,0,0
1,回复大环境不改，学校、老师，学生、家长都只能疲于奔命而无可奈何！大环境不是改不了，而是有官部门为了维护自己的既得利益不愿改教育本该德育为先，但如今却是唯分数论，领导们哪有心思和功夫去管人品好不好：（,56,2,3,0,1,0,2,0,2,0
0,墙外的红杏们这俩一贯手帕交。怎么跟婚礼现场似的亍 ！?,18,0,0,0,0,0,0,0,0,0
2,干的好事人祸杯具说牺牲的消防战士叫张良。,13,2,2,0,2,0,0,0,2,1
0,我思故我在，让思想更有力量！思想是一种资本，思想是一种力量！以道驭 之，天下事无所不可。——《思想营销》,33,1,0,0,0,0,0,0,1,0
0,可怜天下父母心！心疼啊！不说别的，膝盖哪承受的了？好痛啊！: 轉 發 微博。北京年至七旬的老人高美运，为了糊养全家、为儿孙治病，每天都要重复这个动作近百次。40斤的水桶在这个只有75斤的老人面前，实在是太沉了。老人写信委托本报寻求好心人的救助，帮自己的儿孙治病，渡过难关。详情请点击→转出去转出去~,91,3,1,0,0,0,1,0,3,0
0,小白~ ~ ~ ~ ~ ~ ~ ~ 。超可爱的小丸子邮票和邮戳。,26,1,0,0,0,0,0,0,1,0
0,不是SONY 的啦，表妹，你看，赶紧你赶紧开搜狐微博，马上给你认证。大家快来开啊是索尼的那个女生不咯你们咋不发到搜狐围脖哈哈，大家可以猜猜她是谁谁家MM ，好可爱呀~ 哈哈，表妹也必须要转的，炒红表妹。。三里屯的brunch ，很好吃。。推荐,79,6,1,0,1,0,0,0,4,2
0,你小子敢偷拍你姐姐我，哪学的？！难道得了我真传,17,0,1,0,1,0,0,0,0,0
2,最近神志不清，有点犯晕。就连睡觉也睡不着了。我是怎么了？,18,0,0,0,0,0,0,0,0,0
0,回复哈哈我一般不给老婆写，是直接说，脸皮就是这么练出来的,19,1,0,0,0,0,0,0,0,1
2,中关村的天空,3,0,0,0,0,0,0,0,0,0
0,"小胖,斯科尔斯,吉格斯,看来下半场都得上来杀杀了!!!",17,0,0,0,0,0,0,0,0,0
0,可爱狗狗们第32图,6,1,0,0,0,0,0,0,1,0
1,恩恩。。加油。。虎子哥哥我是有多不能跑！脚背磨破了！稍作休息奔赴演唱会现场！真心希望希望你能来！,32,3,0,0,0,0,0,0,3,0
0,回复你就别嫌烦啦！老顽童还真心喜欢他呢！这微博少了谁都可以，少了可爱的五行山，就少了多少热闹！楼主这套磕儿，可以唠一百年不动摇，不嫌烦啊他请大家对照对照杂谈（微博）有多少这样的人！！！小布什的“不管中国是否顺利过渡成一个民主国家，中国永远都是美国的威胁！”已一语道破天机。你是否思考过西方尤其是美国为何特别热衷中国的多党政治？对世界其它地区尤其是非洲却不以为然？非洲难民乃数千万计，美国及西方为什么不去关注？,127,8,3,0,3,0,0,0,6,2
1,全场比赛结束，英格兰2：1取胜。英格兰一个球没进，凭借对方后卫两个乌龙球战胜了日本，这是莫大的讽刺啊！难道巴里缺阵对英格兰影响这么大吗？没他怎么水平烂得跟中国队似的啊？！,52,2,1,0,1,0,0,0,1,1
0,我最喜欢这一张@ 搜狐高航,9,1,0,0,0,0,0,0,1,0
3,"爱心天使真的去看了小朋友们。分享图片这只小狗因为小时候得了犬瘟,救活以后留下了后遗症,没人愿意收养它奶奶就把它带回了家.丁奶奶说它半夜头疼的时候就会自己用头撞墙....",54,3,1,0,1,0,0,0,2,1
3,: : 撑上海人: : : : 我很懦弱，我很小资，我很上海。我能做的只是把一捧白色的菊花放在街头，让小小的花朵倾诉我的悲愤。我很渺小，但如果你也和我一样，我们就能把那里变成一片白色的花海，那就是一种无声的力量。让逝者安息，让亲属安慰，更让某些人恐惧。我能做的，你能做吗？如果你认同，请！,106,3,4,0,2,1,1,0,2,1
0,估计他忙，先和我干一杯。哈哈，好，和你干三杯！公理力，你在没，和你干一杯！,31,1,0,0,0,0,0,0,0,1
0,"【BELIEBERS 】哎呀呀，我晓得你们肯定要买的啦，不过记住回复----【【大调查】上海远东出版社将有可能引进出版Bieber 自传中文版，现在进行大调查。所以想购买的请这条微博，并回复【(地区可能购买数量喜欢中文版还是中英对照版】。如果能有10000名明确表示购买意向的回复(人人& 贴吧& 中文网）,出版社就可能将宝贝的自传带来中国市场哦！大家加油GOGOGO !!!",109,3,1,0,1,0,0,0,3,0
0,那么久了，终于我是彻底的放下了，一切重新开始，明天是美好的！今天的天气不错，哈哈心情也不错哟~ ~ ~ ~ 天下没有不散的宴席，天下没有那么多天长地久，不爱了就是不爱了，现在终于明白当一个选择放弃，当一个人死心塌地的爱过，最后换得三个字“不值得”,80,7,0,0,0,0,0,0,6,1
3,。二零一零年五月一日澳門 大遊 行“絕 望但不沉默”求证~ ~ ~ @ 新周刊,27,0,0,0,0,0,0,0,0,0
0,这张拍的好梦幻呀张靓 颖在美美的唱着,14,1,0,0,0,0,0,0,0,1
0,对说：冉家哥仨，因家贫合娶一妻，轮流暴日，不久，妻孕产女，哥仨皆认女婴为生父，遂各起一名，终因冠名争论不休，村秀才见状道：三名皆不适，我看叫冉春吧，哥仨问：和解？秀才：春也，三人日也。皆大欢喜。不日，传闻妻另与多人有染，哥仨再求教秀才，秀才道：那就叫“冉香”吧。,95,3,1,0,1,0,0,0,1,2
1,我才知道你才知道啊。。。这么大的事被日本人当笑料看，国耻，简直不知道世博局在干什么！！还赔小日本这么多钱让一个不入流的音乐制作人咸鱼翻身！！！看的义愤填膺！！！,53,0,1,0,1,0,0,0,0,0
2,嗓子发炎到了极端了！又疼又肿！疼啊！！！呵呵！今天准备打吊针,22,1,0,0,0,0,0,0,0,1
1,回复这就是中国式工作方式据说那个机场根本就不适合夜间降落的，去年就有文件规定（原则上不能夜间降落，航行），真不知道这“原则上”是什么意思，难道别人的生命还能用来冒险的据介绍，失事飞机属河南航空有限公司，由哈尔滨基地包租直管，河南航空有限公司的合营股东深圳航空有限责任公司。一飞机涉及两公司一基地，爸爸妈妈很多，但都不管事，只管钱。多头多重管理最后都无人管，是中国诸多事情的结点。,108,1,1,0,1,0,0,0,1,0
0,。珠江帝景三居豪华楼王185米1221层南北658万非诚勿扰！,14,0,0,0,0,0,0,0,0,0
0,冬菇。。。你腐喇你~ 。“我想你了。”“嗯……我也是。”“你老婆睡了？”“嗯……”“我老婆也睡了。”(投稿),49,0,0,0,0,0,0,0,0,0
0,“哪有这样的傻蛋！他……他……他……他只看不顶！只看不顶！！！”@ 宅男宅男爱冷笑话,34,0,1,0,1,0,0,0,0,0
0,勇敢向前大迈步。。,6,0,0,0,0,0,0,0,0,0
0,那只狗狗真的……太亮眼了~ ~ ~ 请问这叫打架么？？？？？记者跑的多快啊小狗狗好可爱哦监控录像揭露《每日文娱播报》被打记者周广甫滚楼真相。在刚刚结束的北京德云社媒体发布会后，郭德纲方面公开了一段小区内监控录像，揭开每日文娱被打记者滚楼真相。,79,1,1,0,1,0,0,0,1,0
2,一颗善良童真的心，很容易发现佛心。一颗邪恶黑暗的心，很容易发现魔心。,22,1,2,0,2,0,0,0,1,0
0,MJ 的力量当Michael Jackson 的音乐响起时，瑞典斯德哥尔摩的人们是这么做的......,23,0,0,0,0,0,0,0,0,0
0,你等着我，我等你。这句台词，真的很美。寂静相守...,19,1,0,0,0,0,0,0,0,1
0,首先热烈欢迎童鞋加入脖界，其次要扩充下围脖的功能：织小点可做手帕，很低碳、很环保。织大点可真的做围脖，很温暖、很欢型。再织大点可做被子，很舒适、很实用。再再织大点......,55,3,0,0,0,0,0,0,3,0
0,一？祖国都周六晚上了嘛？我这里才周五下午，地球静悄悄变大了啊。笑疯了……我没加班，刚吃了六个鸡蛋这个很搞笑啊!!给周六加班的同学解解闷!!这聊天记录太雷人了！看了不许笑哦！~,61,0,0,0,0,0,0,0,0,0
2,这，用了之后是不是就会一击即中？！呵呵————潮啊！！我晕啦，章鱼哥真系。。夸张。。。。章鱼帝今次又可以预测什么??,42,1,0,0,0,0,0,0,0,1
3,取刺勾竹竹梢抽打男人生殖器。,8,0,0,0,0,0,0,0,0,0
0,变成奥特曼【游戏时间】按下ESC ，看看您会变成谁？答案要跟大家分享哦~ （via 云影飘悠）,30,2,0,0,0,0,0,0,1,1
0,好看大家都比较偏爱这套！那就这套吧！可以到时候再试穿上的效果！不过就首选它了，等拍照当天再给大家发上身的效果吧！谢谢大家给的意见哦！（鞠躬）我个人比较喜欢这套哦！分享图片００２,60,3,1,0,1,0,0,0,3,0
0,我因为美国国旗好看而支持美国，结果美国先被淘汰，我因为日本是亚洲独苗而支持日本，结果日本被淘汰，我因为巴西最有冠军相而支持巴西，结果今天依然被淘汰。现在，我因为喜欢老马的胡子造型而支持阿根廷，不用谢，你懂的。,64,5,0,0,0,0,0,0,5,0
0,小宝贝儿！嘿嘿~ ！微博之最--最小的博主，出生3小时!好有范儿的POSE 呢!来张自拍。。。,34,1,0,0,0,0,0,0,1,0
0,我很诚信哦！天秤座→65％〓 12星座守信用程度〓 巨蟹座→95％；天蝎座→92％；处女座→90％；金牛座→85％；狮子座→85％；摩羯 座→84％；水瓶座→75％；白羊座→65％；天秤座→65％；双鱼座→60％；射手座→55％；双子座→45％。,80,0,0,0,0,0,0,0,0,0
0,哈哈，很好。虽然不是最好的。但榜上有名了。妳 也是性感天蠍 女！性感尤物天蝎座。,27,5,1,0,1,0,0,0,4,1
0,可爱！是袁建设小姐吗？我知道，妈的！建设银行把我的个人资料卖掉了……（分享）,26,2,0,0,0,0,0,0,2,0
2,一件都没有，悲哀人生的15件奢侈品你拥有多少：⑴走天下的健康⑵舒心的工作⑶提醒你加衣帮你盖被的人⑷穿上便宜T 恤 也漂亮的身材⑸一手好字⑹每天都有的好觉⑺欣赏美丽的的心情⑻你甘心付出的儿女⑼自由⑽敢放弃能承受的勇气⑾亲自播种收获的幸福⑿一件凝聚情感的物品⒀童心⒁大海般的心境⒂一直健康的父母,98,9,2,0,0,0,2,0,7,2
0,[爱心专递]八月十：我怀揣着整个秋天的相思，终于等来了月圆普天同庆的美好一天。祝朋友们中秋快乐，万事圆满！[爱心专递],39,7,1,0,0,0,1,0,4,3
0,完成今天ebay 的工作...明天繼 續 ...享受你們 明天的世博盛會 吧...有空有伴有錢 我也想到上海走走...,34,1,0,0,0,0,0,0,0,1
0,哈哈家丁的表情……太囧 了。。那个洗澡的好Q 啊。。我喜欢。。掩面跑走(来自: )“抓起来，就是他”诶哟，笑死我了。有本事转过身来啊你。噗哈哈。。-有爱猫熊团,64,4,0,0,0,0,0,0,1,3
0,5块？你把我当什么人…50块？我不是那种人…500块！今晚我就是你的人…5000块！今晚你别把我当人...50000块！！不管今晚来多少人...500000块！！！不管今晚来的是不是人。。,60,0,1,0,1,0,0,0,0,0
3,开学表示鸭梨很大，什么一大堆不知名的事情又要压到我身上了，鸭梨千斤重。,22,2,0,0,0,0,0,0,2,0
1,對 說 ：happy birthday !!crazy regen !!,17,0,0,0,0,0,0,0,0,0
3,息怒息怒···········刚刚有人说让我忍着，我觉得忍无可忍时，就别在忍了，还有五天！！！,36,2,1,0,1,0,0,0,0,2
0,回复直径是明白，但按照常理，一堵墙怎么也得十几至二十厘米厚吧？他的JJ 再有本领也那难以在这个直径九厘米，长度十几至二十左右的空间有所作为，所以断定此墙硬是超薄型，不会是一厘米厚的石膏板吧直径啊。9厘米加自己的15厘米觉得不够呀,71,1,2,0,2,0,0,0,1,0
0,太杯具了~ ~ ~ 跳？还是不跳？彻彻底底的杯具~ ~,22,0,0,0,0,0,0,0,0,0
3,就算不是飞机头，我也一样会加油。。之文艺小青年乔任梁大图版，颜色错别字已修正~ @ 乔任梁,29,0,2,0,2,0,0,0,0,0
0,羡慕博主~ ！一起期待新专辑！感谢大田，有机会参加“我要拍电影”节目录制，竟然和喜欢的江映蓉相遇。用淡定的表面，掩饰内心的激动，全场下来只有一张清晰的背影。就像这样，在背后默默注视你，看着你在舞台上炫耀全场。,64,5,3,0,3,0,0,0,5,0
0,。学会做事，学会做人。人的优雅关键在于控制自己的情绪。你不能左右天气，但能转变自己的心情。学会控制情绪是成功的前题。,35,2,1,0,1,0,0,0,1,1
1,这个世界什么都不可能信以为真……别拿媒体当真，众口一词愚民。别拿指示当真，唱唱高调蒙人。别拿股市当真，套的就是工薪。别拿比赛当真，输赢早已定论。别拿广告当真，萝卜说成人参。别拿情人当真，有钱她才献身。别拿围脖当真，嬉笑怒骂闲文。别拿人生当真，无非过眼烟云。,81,3,3,0,3,0,0,0,2,1
1,我想认识漂亮女孩~ ~ ~ ~,11,0,0,0,0,0,0,0,0,0
3,不！！！！！！！！！！！！！！！！！！！！正在记招，老马说要辞职！,29,0,0,0,0,0,0,0,0,0
0,大哥大佬齐聚微博一大！最为难得的是童鞋终于笑了。。。今天微博聚会的向微博上所有的朋友们问好！老沉说，这是微博的一大，合影留言。（带女儿先走了，去骑马了。）,52,2,0,0,0,0,0,0,2,0
2,怎么听着听着就满脑海的厨房宣言了，台上哭着的男人和台下幸福得流泪的人儿。。。呃。。。俺怎么就满眼的泪水了呢。。。在一起吧。。。你们又转了十年的圈了。。。人生还有几个十年？郑秀文演唱会唱《唯独是你不可取代》，安仔在台底下化身Sammi 的“和音男人”我体完真是好感动，所以我想借此机会对宝贝讲，我爱你如果今天将失去眼前的一切剩低清风两袖也不计唯独你一个是不可给取替是我生命里的一切。,129,6,2,0,0,0,2,0,5,1
3,离家一星期，想shi 家里人啦呀。。。,13,0,0,0,0,0,0,0,0,0
2,哎哟哟~ 欠儿蹬欠儿蹬的回来咯~ 北京小分队返京了。小岛拜拜～北京小分队返京了。小岛拜拜～我们回来了！,33,0,2,0,0,0,2,0,0,0
3,深圳天气情况：一个字，热！两个字，很热！三个字，非常热！不宜出行。。。请带好“阳”伞。这是什么季节啊,37,0,1,0,1,0,0,0,0,0
0,阿菲！你太坏啦！！好吧正经补个祝福祝~ ~ 生不生都快日不日皆乐,23,2,0,0,0,0,0,0,2,0
0,分享图片空调不给，俺也凉快！牺牲了午休时间买来个小电扇，插电脑上就能转,25,2,0,0,0,0,0,0,1,1
3,你要黎先请到的啊請 我食请我食我想讲系珠海都有哦，拱北地下商场果到，超级好味啦~ ~ 识做拉！郑蚊子！立马去～系增城kparty 对面，比满记仲正！大家快来试下！叫糖佰府！,58,0,0,0,0,0,0,0,0,0
3,这老师兼职体育吧?好艰苦。=口==口==口==口==口==口=（我一口水都要喷出来了）=口=（要保持队形）=口=XX 发我看的。我觉得必须共享给大家==,62,1,1,0,0,0,1,0,1,0
1,又看不到新评论了这新浪肯定是不想活了,12,1,0,0,0,0,0,0,1,0
0,好可爱动漫人物全家福，看看您能认出几个,11,3,0,0,0,0,0,0,2,1
3,晓丹姐澜本嫁衣看了没有有些人在陌生中熟悉，有些人在熟悉中陌生，那最后我们会走向哪里？,27,0,0,0,0,0,0,0,0,0
2,"刚听一校长朋友说了.她说她很恐惧,有想吐的感觉.她的学校在上级没布置前就自觉安装了监控,也请好了保安,最近警察轮流值班.但她说: 防不胜防,没有一点安全感.还有多少对社会的恨，要一次次嫁祸到幼儿园孩子身上……陕西省南郑县，今天，7人死亡",80,3,3,0,1,1,1,0,3,0
0,。六一儿童节到了，无论你是几零后，只要有一颗童心，这就是你的节日，早安，朋友们！,27,1,0,0,0,0,0,0,1,0
2,確 實 素摩羯 D 做法...【容易删除360保留QQ 选择好友关系的星座】双鱼座巨蟹座金牛座处女座；【容易删除QQ 保留360相信所谓安全的星座】摩羯 座双子座狮子座天平座；【喜欢看热闹的星座】白羊座天蝎座水瓶座射手座。你是站在哪一边呢？,69,3,0,0,0,0,0,0,2,1
0,要求参加！！又想出一个折磨人的好法子，邀请老师一起看盗版山楂树，让他一直在旁边解说，不许停。这样就可以享受编剧解说版了。,40,1,1,0,1,0,0,0,0,1
0,这个必须转从即日起，成为数码汇的粉丝，评论并本条微博，就有机会获得由数码汇送出的iphone4 16G 一部，活动截至日期为9月11日，童鞋们快点并评论吧欢迎访问我们的网店,51,3,0,0,0,0,0,0,2,1
2,混沌完蛋了...混沌和海宝都是无辜的！天涯er 癫狂了，应该加一条，魔都南京东路的美特斯邦威旗舰店绝对不能看一眼！。天涯人民已进入鬼畜状态了--,45,0,3,0,2,0,1,0,0,0
0,哦。。学习了！我一个经济学家朋友说：现在只要能带到款，就是赚钱，因为贷款利率是7%左右，而真实的通货膨胀是20%左右。结论：现在快买房子~ ~ 贷款也买~ ~,51,4,0,0,0,0,0,0,3,1
0,感谢严总全程关注微博的直播！。直播到此结束，欢迎大家继续关注我们的比赛，关注微博。下一站，成都，8月7号！敬请关注！,36,2,0,0,0,0,0,0,2,0
0,我我我喜欢老虎后面那只黑色的小可爱多一点……你不爱的话，给我吧……哈哈！一到单位就收到一个快递，打开来是一只很威猛的小老虎，很是惊喜！~ 希望今年能虎虎生威！~ 灰常感谢同学，我把它收了当干儿子好了~ 哈哈哈哈~,72,5,0,0,0,0,0,0,3,2
0,好好加油啊这个真的是一个好东西，我正好需要，家里用呢。大家有空帮我吧，谢谢啦即日起至2010年5月3日止。细则：活动期间，评论兼本条并获得次数最多的粉丝就能获得科勒“Flipside 随心转”手持花洒一个，还等什么，赶快参加吧！,71,3,0,0,0,0,0,0,1,2
3,回复会要你的命！你不怕把你砸晕了啊有没有，不要车子，不要房子，不要票子，还很漂亮，还很单纯，还能陪我走过一生的姑娘啊！老天爷，掉个妞下来吧~ ~,52,1,0,0,0,0,0,0,1,0
2,我身材已經 嚴 重走樣 了..................。①比18岁体重重5kg 以上②吃饭快③体重没变但肌肉变松弛了④吃个不停，包里总有零食⑤爱吃油炸食物⑥腰围除以臀围大于0.76⑦爬楼必乘电梯⑧不断减肥又不断反弹。6个是或以上属肥胖人群，该减肥了；3—5正在向肥胖靠拢；2个以下为良好身材，请继续保持。,92,1,0,0,0,0,0,0,1,0
1,精辟强奸犯，总自认为是在“助人为乐”。党政机关不要干涉村（社区）与企业内部机构设置。村（居）民委员会和企事业单位的内部机构设置根据宪法、有关法律、党章规定设置外有权自主决定设与不设，某些党政机关要求与自身业务对口设立机构，有的甚至搞一票否决逼其设立，显属违法！关键是领导们把群众自治组织、社会经济组织当作下属机构,91,3,1,0,1,0,0,0,3,0
2,。今天北京刮着至少5级寒风。在代表委员下榻的北京饭店前，一位担负安保任务的老妪。希望今后再开两会时不要让年龄逾60岁的长者承担保卫工作，给人的感觉不像是人民的会，像是贵族的会。,56,2,0,0,0,0,0,0,2,0
2,赶紧去看医生啊，發 燒 ，無 助,14,0,0,0,0,0,0,0,0,0
0,回复最高人民法院刑事判决书：因山民罗玉凤严重违犯《中华人民共和国环境保护法》第十四条第六款，对社会公众造成了极其严重的精神损害，并造成了全社会恐慌，影响极为恶劣，判处其终身监禁，不得假释，剥夺政治权利终身。,51,1,7,0,6,1,0,0,0,1
1,真的嗎 ？已经停止了，放心！（我是岛上的居民）不能相信！一定要制止！「 怒」 活小狗变成鱼饵来钓鲨鱼，当人类麻木时，比魔鬼还要恐怖!,47,3,3,0,2,1,0,0,2,1
2,【大火无情，围脖有爱】请让我们一起来，为上海大火中遇难的同胞们祈福，愿生者平安，死者得生净土。南无大悲观世音菩萨！,35,2,2,0,1,0,1,0,0,2
0,无所求，是朋友的最高境界。朋友圈子的规则，第一要真诚，要坦率。你不能装，你在这个小范围内再装，那更不是玩意！就三五个人，你还装，你纯粹是侮辱别人的智商。所以第一要坦诚，要裸体不能装。第二是无所求，是最高境界。还有就是要谦虚，.,80,9,1,0,1,0,0,0,9,0
0,这怎么看怎么也不像自拍啊~ 有的有的~ 俸?,20,0,0,0,0,0,0,0,0,0
0,这段子太逗了卖枪的你也太黑心了，三枪都不响，我都尿裤子了。,22,0,1,0,1,0,0,0,0,0
2,奇怪的蘑菇~ ~ ~ 囧 rz .....这让玛丽大叔情何以堪呢？,22,1,0,0,0,0,0,1,0,0
2,男人: 感动.真男人!!!: 我擦了..这才真正的男人..: 男人阿.沙发党注意了.看了以后才准沙发!: : 我眼浅的性格又出现了~ ~ 哭得鼻子很酸【一开始，我以为你是傻逼，但看到最后我要向你致敬！】,76,2,0,0,0,0,0,0,2,0
0,我想和这个世界谈谈》）晚安，各位。,12,0,0,0,0,0,0,0,0,0
0,长沙长沙我与你们同在。。。雨神的魅力在于关键时刻是不会下雨的，嗯嗯。。。。加油。,28,0,0,0,0,0,0,0,0,0
2,你们保重惊闻爸爸同事的亲戚在大火中不幸罹难，那位阿姨从房里逃出来时给丈夫打电话说，我逃出来了。但跑到十几楼的时候，她说，逃不出来了，把银行卡密码口述了一遍，最后说，你们保重……听得我眼泪都下来了，亲临亲人死亡却无能为力，才最残忍最悲痛！居上位者都该来听听老百姓临死前这一声“你们保重”！,93,6,4,0,0,0,4,0,6,0
0,你绝对是被你们组长给刺激了……三文鱼据说煎起来吃很油的，我已经很胖了！！话说你会做饭么==你去把这个买下来我用上面的肉给你煎着吃……生鱼片神马的……也是很有爱的！~ ~ 小的这就为您送上本年度最大三文鱼制作的超大型生鱼片寿司~ ~,84,0,1,0,1,0,0,0,0,0
0,有个性臣哥喜欢花色袜子！！那个袜子。。。袜子里缠了绷带么脚脖子这么出“虽然陈奕迅穿的比较嘻哈，不过长的还是比较正的。”（原话）,42,1,1,0,1,0,0,0,1,0
0,说得好!有读者已经发表评论了，金杯银杯比不上读者的口碑，有评论有真相。< 大而不倒> 是我目前看过的所有记者写作的“传记式”书籍中最好的！,46,1,0,0,0,0,0,0,1,0
0,...本博粉丝数，超过2000了，庆贺一下o,12,1,0,0,0,0,0,0,0,1
3,是中国NB 还是印度NB !在印度，小朋友在这样的河中也能游泳，真是悲哀啊！,25,2,1,0,0,0,1,0,2,0
3,传德云社被吊销演出许可证，德云社看来要被和谐了！,14,2,0,0,0,0,0,0,1,1
0,噗喷！哈哈喷！！！大阪城的姑娘美哟美啊~ ~ ~ 噗噗噗【山斗亮内】=。=N 年前不知哪个姑娘想到的桥段~ 上面那俩娃~ 纯真又可爱> < 下面的那对亲友……一看就知道一肚子坏水！于是，两段恶俗的耐情故事开始了==,78,4,2,0,2,0,0,0,3,1
0,这个照的角度也太立体啦Stage 新款到货，我穿的是女款的长款针织衫，下搭stage 针织短裙（侧边是大蝴蝶结logo ），真心不错！长乐路139-11，021-63846878！,49,2,0,0,0,0,0,0,2,0
3,很久很久没做网线了，每次做网线我都很抗拒，幸好这次只做一根,19,0,0,0,0,0,0,0,0,0
3,JUNNO 真帅啊真帅啊真帅啊。。。。。。。。。。,18,0,0,0,0,0,0,0,0,0
0,回复但回头想想，自己的付出有回报，还是很快乐的，不管收获的是多是少。是啊很辛苦只有53快钱昨天的兼职我懂得，社会就是踩碎人尊严的地方。,47,3,1,0,0,0,1,0,2,1
0,在七夕的街头，提个篮子卖玫瑰，绝对是很棒的主意！七夕眼看就来了，姐姐这儿都还是单身的说，胜腻你看要不要送我一枝啊~ ~,42,2,0,0,0,0,0,0,0,2
0,"小说< < 山楂树> > ,借细节描写细腻地表现出老三和静秋的爱情历程,读来感人至深,而电影里的老三,看来看去都是一泡妞高手.",42,3,0,0,0,0,0,0,3,0
0,想起我蒸的的米饭粥了，学习学习......【14款保健粥】⑴红枣粥润肤养颜；⑵白莲粥安神助眠；⑶桂圆粥养心补气；⑷薏 仁粥醒脑散汗；⑸百合粥润肺止咳；⑹核桃粥乌发补肾；⑺荷叶粥降压清脂 ；⑻银耳粥滋阴润肺；⑼荠菜粥预防脑炎；⑽山楂粥健脾养胃；⑾蛋黄粥防治健忘；⑿赤豆粥利尿消肿；⒀甘蔗粥生津和胃；⒁枸杞粥明目补肝。,105,2,0,0,0,0,0,0,2,0
1,我们这里回家排队买票的壮丽景观可以跟春运相媲美了~,14,2,0,0,0,0,0,0,2,0
0,我刚刚参加了一个很棒的活动“2010土豆映像节“秋季动画影展””,19,0,0,0,0,0,0,0,0,0
0,"《I -JAY 》电子杂志Vol .41期现已隆重发布,周杰伦中文网",19,1,0,0,0,0,0,0,1,0
2,homhom !!!!!!!!!!!!!!!!!!!!!!!!!!!!!!!!!!!!!!!!!結 婚很好啊!!!!!!!!!!!!!!!!!!!!!!!!!!!!!!!!!!!!!!欧~ 开车要小心……挡风玻璃上的彩虹。用途多样，例：如果现在出现一道彩虹，那我们就结婚吧。,117,2,1,0,0,1,0,0,0,2
0,洗碗打碎了个碗F 妈立马以经济学家的口吻说道：洗碗也是需要成本的是有风险的!!!老妈你好有智慧啊～～～,36,1,0,0,0,0,0,0,1,0
0,现在很无聊的说，在看人家玩大型，就是在在电动厅。我什么都不会玩。就想想老大吧。上张图。走你,34,2,1,0,1,0,0,0,2,0
0,。【换个角度看问题】养颜靠爱情，幸福靠家庭，理财靠钱经！上午好！,20,2,0,0,0,0,0,0,1,1
0,这个版广告图片配合的也不错买车的人越来越多、考不过的人越来越多、传言以后会越来越难有些人盲目跟风。,31,2,2,0,2,0,0,0,2,0
0,现在打土豪劣绅其实很简单你智商没问题吧我也想有好几套房: : : 地产党: 转: 地主党: 地产党: 利益链！谁能撼动？房子为什么贵，贵阳被判死缓的市长助理拥有13套房可以说明；房屋空置率为什么不敢调查，因为大多数空的房屋倒未必是投机炒房的，而是官员们的；房产税为什么难以征收，真正反对的，仍然是这些官员。当大大小小的官员都以收藏10套以上的房子为常态，甚至连一个村长都想在北京拥有一套房子的时候，涨涨涨,129,4,4,0,4,0,0,0,4,0
3,在ZG ，不用总统决定，下边的人早就办了！！这事等到XX 提醒？你们还想不想混了。米国人还要投票，办事效率太“低了”，呼呼。咱们知道是投的是什么事情就不错了--你们只有同意和非常同意两个选择权。美国得克萨斯州教育委员会拟将美国历史上第一位黑人总统的全名，巴拉克-侯赛因-奥巴马的全名放进教科书，因为侯赛因是穆斯林用的较普遍的名字，民主党怕引起异议，强烈反对，最后经过投票，民主党战胜了共和党，奥巴马的全名没有被放进教科书。如果在中国，总统一人就决定了，不用讨论。,139,3,0,0,0,0,0,0,3,0
0,辣死啦……,4,0,0,0,0,0,0,0,0,0
0,课题研究要准备答辩了~ 很开心了嘻嘻即系结束了~ ~ 我要认真了。不可以辜负老师…哈哈他做博士啦嫁给他几好吖 …[笑],42,4,2,0,2,0,0,0,1,3
0,呵呵.可怜的老猫啊蜗居在滑梯上一家猫..................,14,1,0,0,0,0,0,0,0,1
1,哎~ ~ 真是暂啊！把“誓”字改成”暂”字你就全明白了。“人在堤在，誓与大堤共存亡”不知道说什么好了,42,0,0,0,0,0,0,0,0,0
2,就为1000美元？？【一男子承认扮演伍兹拍摄性爱录像收费一千美元】一名叫藤尼尔-戈伊科(Teneal Goyco )的男子宣称虎女郎德文-詹姆斯兜售的伍兹性爱录像，他才是主角。为此，该男子获得的报酬是1000美元。就为1000美元???,68,2,1,0,1,0,0,0,1,1
0,回复邵哥出马，刚刚的！分享图片邵勇的调音工程让保利站起来了。,19,1,0,0,0,0,0,0,0,1
0,这个很逗晚上七点多，住隔壁的老外来求助，说他电视坏了换不了台。前十分钟领导很忙，中间十分钟全国人民很幸福，最后十分钟世界人民生活在水深火热之中?2、出差住酒店，晚上七点多，住隔壁的老外来求助，说他电视坏了换不了台。去看了一下，告诉他，其实你换台了，只是这个时间段只有这一个节目而已。,93,2,3,0,2,0,1,0,1,1
2,JYJ Impression 伪写真图~ ~ ~ 啊啊啊~ ~ ~,19,0,0,0,0,0,0,0,0,0
0,小熊熊今天折的是一只小熊，大家在画眼睛的时候多发挥下创意哦。（交作业的同学可私信）,29,1,0,0,0,0,0,0,1,0
0,《茶人三部曲》，不愧是获奖的。看第一段，就能引人入胜。就像一首好歌的前奏，往往也是让人能否听下去的关键。我常从前奏来判断一首歌好听与否。如果不佳，没有太多耐心继续往后,54,4,0,0,0,0,0,0,4,0
1,YOHO 是不是有bug 啊，为什么我的布景设置老是不行,15,0,1,0,0,0,1,0,0,0
0,。彼岸的Blue: 对，这才是喜欢一个人的态度。。。喜欢一个人不是要疯狂的追逐，而是要站在正确的位置关心他，爱护他，小哇，真心的为你祝福，希望你永远健康、开心、快乐，享受你所享受的，爱你所爱的，善良的人，一生幸福，平安。。。真心的为你祝福顶,86,16,3,0,3,0,0,0,10,6
0,巴西队真棒，没辜负我的关注,8,0,1,0,1,0,0,0,0,0
3,对吖 ，太依赖了确实如此当时间和耐心都已变成奢侈品，我们只能靠星座了解彼此。早安,25,2,1,0,1,0,0,0,2,0
0,男人花、无花心、不花心,8,0,2,0,2,0,0,0,0,0
0,应该多拉机几车卸货中，满满一卡车的颜料和画笔，晚上孩子们就能用它们画唐卡了，洪老师说，这里的孩子特别有绘画天赋，可惜缺工具。,42,1,1,0,0,0,1,0,1,0
0,这特码的蜘蛛侠还是植物人大战僵尸！孙悟空大喝：快放我师傅，不然别怪我用法宝了！蜘蛛精：我不怕你！悟空拿出一个4G 优盘，蜘蛛精脸色大变，悟空又拿出一个250G 硬盘，蜘蛛精两眼翻白，颤声问：谁给你的？孙悟空回答：蜘蛛侠。蜘蛛精吐血道：前男友靠不住啊。悟空总结：优盘硬盘前男友，没有女妖 撑得久。,87,3,1,0,1,0,0,0,3,0
2,收藏后提醒自己甘既咩原来如此各位男士注意,11,0,0,0,0,0,0,0,0,0
0,OMG !这个小美女居然在《亚运有我，精彩之吉》首唱会上，跟我们的两位大明星合过影！！小吉居然今天才知道她的存在O .O !分享图片咳咳，没想到突然之间庚饭们反响如此热烈，还好没有被大家批评：P 解释一下吧，我只是个普通大学生，因为首唱会请到我的老师去拍照，我就跟着去了，所以是沾了老师的光，嘻嘻！以后说不定还会有这种机会~ 会及时更新和大家分享的！,113,5,1,0,1,0,0,0,2,3
0,我喜欢我的iPod 这样的ipod 广告真的没问题么？,16,1,0,0,0,0,0,0,1,0
2,心肝～！牺牲自己。娱乐大家啊。,10,3,0,0,0,0,0,0,2,1
1,2010打小人：打你纪可光的头等你一生无自由，打你的手等你有气无叮透，打你的脚等你日日输麻雀，打你的肺等你成日都闭蚁，打你的肝因你做事无心肝，打你的口等你日日都无订走。,64,2,1,0,1,0,0,0,2,0
0,为了防止这个世界被破坏，为了保护世界的和平，贯彻爱与真实的邪恶，可爱又迷人的反派角色：武藏，小次郎。,32,5,2,0,2,0,0,0,5,0
0,希望对大家有帮助！【汇总】最新校园招聘信息汇总(按专业分类)(3月24日更新)发信站: BBS 水木清华站,33,4,0,0,0,0,0,0,4,0
0,各班各连的兄弟姐妹们查岗了都露露面-90后联盟,15,0,0,0,0,0,0,0,0,0
0,"童鞋设的门槛不低啊，不过这对网友来说不算啥难事，，你就从了吧你嫁给吧！哈哈！祝福！！成人之美的好事,转。好吧，既然是通过微博认识的，那求婚也得有点门槛吧~ ~ ~ 如果，能有10000个人帮你，我就嫁给你！一年前在微博上认识了她，从加关注、发评论、成粉丝和发私信，从相遇、相识、相知和相恋，因为她我感到幸运和幸福，她就是建一个幸福的家庭，做一件伟大的事情！",125,12,2,0,2,0,0,0,6,7
0,祝与你的家人节日快乐。你的儒雅、才智是我要努力学习的。宫总监和袁老师都是我的良师益友，祝两位节日快乐！正确的思想无国界，活法中提到了这句话的出处，在此提活法是因为稻盛对当今企业有很好的示范作用！深沉厚重为一等资质（重德），磊落雄豪（重义）为二等资质；聪明才辩（自我）为三等资质。有兴趣可以对一下自己是什么样的领导，并可以发展成什么样的领导。,109,8,0,0,0,0,0,0,8,0
0,丢了前面的围脖，重新织了一条围脖，哈哈。大家好，我是屈小蕊，请多关照。,23,1,0,0,0,0,0,0,0,1
2,这市场上的少数人还真不容易做到啊当人满仓买入股票时，市场对他最不利的一招就是跌，当人空仓时，对他最不利的一招就是上涨,37,0,2,0,0,2,0,0,0,0
0,吵架是个伤神费力的运动，会打乱原订的计划，会伤身体，睡不安稳，脾气越来越燥，太不值了，我得像个办法，不能再和吵架了,40,1,4,0,3,0,1,0,0,1
0,跟你亲爱的商量一下,5,1,0,0,0,0,0,0,1,0
0,台湾的教科书插画和内地一样？？日前有台湾网友在某知名社交网站上把秦始皇、光武帝、诸葛亮、唐玄宗、颜真卿等六人在历史课本里的肖像合在一起，乍看几乎是同一人。不少网友均抨击台当局“教育部”“所以历史课本把我们装肖为”，并感叹“大家小时候真好骗”。,71,1,1,0,1,0,0,0,1,0
0,我就说……有了围脖就是要我不断忆往昔吗，文件夹里都是古早截的萌图噗~ 这FU 各种李赖╮ (╯ ▽ ╰ )╭ 哎……既然把01台庆给挖出来了，我就再把以前的截图也挖出来算了。双林是布衣出现4年前就决定了的宿命CP 啊林峯,81,0,0,0,0,0,0,0,0,0
1,明天啃面包....,4,0,0,0,0,0,0,0,0,0
1,"垃圾国家从来没见过这么解救人质的傻逼警察，这是让人质死的更快，一团猪围着车用锤子砸玻璃，歹徒会发疯的杀人质！菲律宾的警察是在杀人灭口吧！愤怒啊！警察动作太缓慢,哪有这么救人的【全过程实录】菲律宾劫匪被警方击毙，最后匪徒的扫射不是扫射菲律宾警方，而是扫射人质！视频看得我心痛！！！图片中的女士应该就是被扫射身亡的人质！！菲律宾警方竟然连类似催泪瓦斯的装置都屡次投掷不进车内，如此的解救行动是激动匪徒，为我们的同胞默哀吧！",130,2,9,0,7,0,2,0,2,0
0,"革命尚未成功，同志任需努力啊的微博注册240天,原创率78%,平均每条微博被评论0.1条,0.1次,活跃度排名104536位,影响力排名121991位,综合排名121886位,PR 值0.97,微博等级16级,微博价值292元",57,3,0,0,0,0,0,0,2,1
3,妈丫…我占完了…急躁…星座小巫: 无敌了，全占了！【肉体上最痛的，你经历过几个？】1.吃饭的时候咬到自己的舌头；2.在车上睡着了头敲到玻璃；3.玩夹子，夹到手；4.坐在椅子上摇椅子，把自己摔倒了；5.左脚拌右脚结果摔倒；6.碰到桌子或柜子的角，巨疼；7.从身上硬撕下粘贴；8.拉衣服拉链夹到下巴上的肉；9.踩楼梯突然踩空摔倒；10.无敌了，全占了！,128,2,1,0,0,1,0,0,2,0
2,忙到疯了最近很忙那就用心地忙吧,11,1,0,0,0,0,0,0,1,0
0,为什么人民需要政府!难道是为了多纳税？为了开车上路被查？为了处处被河蟹?不！要政府是因为当我们被欺负的时候能够被保护！如果政府保护不了我们，那我们还需要他来干嘛？养狗还需要它们对我们摇尾巴呢！“请严格遵守当地的法律，并尊重那里的风俗习惯”,71,1,3,0,2,0,1,0,1,0
1,恩这个好看。。很特别，蕾絲 長 到睫毛上啦！Shu Uemura 的蕾丝假睫毛，美啦美啦,28,0,0,0,0,0,0,0,0,0
0,拜一拜！章鱼帝V5 ！！！,10,0,0,0,0,0,0,0,0,0
0,一只手指是hello ，两只手指是谢谢，三只手指是再见。确实，霆锋在金马奖红地毯伸出了2只手指。本届红地毯最帅的男明星~ ~ ~ ！【图片】金马奖红毯 谢霆锋黑超遮面帅酷难挡（6-6）,58,1,0,0,0,0,0,0,1,0
2,回复原来如此，考公务员，这条路比去墨脱还险！学校建官方微博啦？刚听说我的学院被改名成“物联网学院”了，两年不见，现在变这么潮了！！那个额……应该去问问那个江南大学澡堂的热水竟然是炼钢的废水，里面的铅含量超标10倍。而这个水，已经为江南大学的学生用了2年之久，且高价计时收费。,91,0,0,0,0,0,0,0,0,0
3,帮忙文字转播，好不？没时间看球~ 葡队太喜感了～,18,0,0,0,0,0,0,0,0,0
0,下午本来没打算唱K 的~ 不过2个人唱挺过瘾~ 没人会和你争咪~ 因为刚好一人一个！主角还是那个花花包！,36,2,1,0,1,0,0,0,1,1
1,这么旺，要不要买只小狗回来养。: 11月份财运旺桃花旺人气旺！三旺临门总排行：1.处女座；2.天蝎座；3.摩羯 座；4.双子座；5.水瓶座；6.狮子座；7.金牛座；8.射手座；9.天秤座；10.巨蟹座；11.白羊座；12.双鱼座。【之“嫖窃”】百度色胆包天却又懒惰异常，近日听闻百度继盛大文学后又被状告侵权，百度一直在抄袭，一直被起诉，一直有黄图，一直不删除，所谓“诲淫诲盗”，百度非不能也，是不为也！,135,2,4,0,4,0,0,0,2,0
0,别凑热闹，估计全占线挨骂呢，在哪不是骂客服电话多少？是长途么，我也打个试试真有风度~ 哈哈。＂ 您好，欢迎您致电腾讯，关于qq 被迫下线问题，请您留言。后期会有专员为你解答。为防止恶意人身攻击，我们现在不方便接听您的电话。为给您带来的不便，我们深表歉意＂ ~ 我现在很同情QQ 的客服，毕竟他们是战斗在第一线的，他们只是执行者而不是决策者，所以大家在骂腾讯的时候，请对客服温柔些.........,122,4,5,0,5,0,0,0,3,1
0,"捶地笑"" 父是康!""",9,0,0,0,0,0,0,0,0,0
0,"回复你手头的房子如果少于三套房价涨多高和你有关系吗？你总不能把房子卖了住天桥底下去然后天天去银行把卖房子的钱拿出来数一遍再存进去吧？政府的底线最多30%,将来还要涨,到时候估计我的房子可能5万一平米了.新来的网友请先看看早先的回复。最好不要重复的提早己回复过的同类同样的问题。不回你有意见，回则大家有意见。",96,1,0,0,0,0,0,0,1,0
0,"佢 咁 恶毒？佢 够唔够胆用啊？我实发微博比佢 老婆知。老细会炒左你,然后拿来自己用!放响公司用会唔会比老细炒呢？奶杯二奶专用杯。。。呵呵！！！奶子杯！！！转奶的喝咖啡，还是喝牛奶？还是奶茶？用这个个杯子更合适？",76,1,2,0,2,0,0,0,0,1
0,，YOYO 屁，我也谢谢你，你是第一个送我的中秋节月饼，好好食啊！感动着！,26,1,0,0,0,0,0,0,0,1
2,给...说我有肚子，还有貌似给他那张比较猥琐，好像发错了，,20,0,1,0,1,0,0,0,0,0
0,海关向入境IPAD 征收1000元进口税。转,11,0,0,0,0,0,0,0,0,0
1,无聊的一种推销。打出横幅——光膀男短裙女吃大优惠“本店有大学生专用客房”。只要市民在该店吃东西时男的光膀子、女的穿超短裙，买单时便有大优惠。酒店还开辟了大学生专用客房，在收费上打五折，并免费提供避孕套。,66,2,1,0,1,0,0,0,0,2
0,到底是誰 在收養 誰 啊？,11,0,0,0,0,0,0,0,0,0
0,面瘫馒头挂上了，一片尖叫，都站起来拍。,14,1,0,0,0,0,0,0,0,1
3,愿生者幸福，逝者安息！愿生者幸福，逝者安息！34年前的今天唐山遭遇了7.8级大地震，造成242769人死亡。为了祭奠在地震中逝去的同胞，请脖友们加此条微博。愿生者幸福，逝者安息！,50,4,4,0,0,0,4,0,1,3
0,哎呦，第一次看文森同学穿这么正式。。突然发现这个Luke S .怎么有点像《成长的烦恼》里那个小豆子Ben 的衰老发福版涅哈哈哈！！他手里的小婴儿是他刚出生3个星期的女儿迷你小手小脚还皱巴巴的好像个小火星人似地这在中国还没满月怎么就敢抱出来满处过风了~ ~ 这是我有生以来见过最年轻的小人儿了！！！,94,1,3,0,2,0,1,0,1,0
0,我的老何真可爱期待《我要拍电影》彩排时候的何老师！,16,1,0,0,0,0,0,0,1,0
0,"三个臭皮匠，味道都一样。太经典的押韵了！床前明月光,李白谁的香.看后让人爆笑的成语故事填空。。。这谁家孩子干的，真是太有才了。。。",43,1,0,0,0,0,0,0,1,0
1,星期一到星期五都系電 腦 課 ！天啊！～,15,0,0,0,0,0,0,0,0,0
0,好！宁愿因为把事做错了而后悔，也不要因为没有去做而后悔！【给陈Coco 】1.宁愿因为把事做错了而后悔，也不要因为没有去做而后悔！2.Coco 姐，你按照你哩咖 条路甘行，就实无错咖 啦！3.要甘多奖状黎做乜姐？出到去无用咖 ！4.你要甘高分黎做乜姐？你米由得人地高分罗！5.无因为件事无聊就懒得做、5想做，咩野做得多都会无聊啦！6.做人，最紧要有斗心！,134,3,7,0,2,1,4,0,3,0
3,默哀！！他是这次旅行的导游，他是第一个偷偷打电话通知外界被绑架的人，他被绑匪拷在了车的前门，他最后成为了人肉盾牌。。。这就是一个生命的消逝。。。。,51,0,4,0,2,1,1,0,0,0
3,奴隶做惯了，下跪也习惯了。,9,0,0,0,0,0,0,0,0,0
2,完鸟??吃掉一盒饭，发掘仿佛没有吃饱??难道我的胃最近撑大了？杯具阿??,26,0,0,0,0,0,0,0,0,0
0,昨夜的主角，永恒的星辰纪念一下。。我的第520条围脖昨夜的主角，永恒的星辰；）,26,4,1,0,0,0,1,0,4,0
2,今天干什么都打不起精神来！因为病了...哎哟！头也痛、咽喉也痛；没个好受的地儿快倒了～_ ～,33,2,0,0,0,0,0,0,0,2
0,继续发会动的数字大片,5,0,0,0,0,0,0,0,0,0
0,旁友农辣手额懂的入，懂的入。,11,0,1,0,1,0,0,0,0,0
3,幸福为什么距离射手那么远啊，倒数第三名，呜呜呜。。。。。。。。。巨蟹座。第2名：双鱼座。第3名：狮子座。第4名：天蝎座。第5名：金牛座。第6名：摩羯 座。第7名: 处女座.第8名: 天秤座。第9名：白羊座。第10名：射手座。第11名：双子座。第12名：水瓶座。,95,1,0,0,0,0,0,0,0,1
0,唉，残酷的事实再一次证明了不胜酒力的小小囍 ，当不了少爷哈。公主们少爷们，我向你们鞠躬，你们辛苦了。。。,35,3,0,0,0,0,0,0,3,0
2,下图这位大姐就是倪玉兰，因反抗强拆其房屋的遭遇，被判刑，导致双腿残废，无家可归。作为北京市上访者的典型代表人物，她还经常介入其它维权事件，是某地「 维稳黑名单」 人物之一，一个道都走不了的人，你们也怕，安徽阜阳“白宫”举报人李国福突然蹊跷死亡，官方证实是一个市政府的秘书泄密，导致举报人遭迫害致死。贵州民众肖敬明因举证讯息泄露而不得不亡命天涯，辽宁省鞍山市国税局原公务员李文娟因举报当地国税局渎职被劳动教养。你还敢举报吗？别傻啦，不管你说的是否真实，等待你的只有,134,5,7,0,4,1,2,1,4,0
0,我勒个去。。。华科站初赛由玩老师和乐乐老师担任现场评审！辛苦了！,20,0,0,0,0,0,0,0,0,0
0,这是当地挺有名的一种饮料，是由冰激凌+彩色糖浆+鲜牛奶做成的，叫做FULUDA ，说实话，真挺好喝的，就是太甜了，难怪当地女性都比较胖,39,0,0,0,0,0,0,0,0,0
0,回复二到没法想象了，真是林子大了什么鸟都有刚看移动电视的世博信息。有人竟会问游世博什么容易掉…我想你仔细点当心点什么都不会掉，你不仔细自己都会“掉”。不过会问出这种经典问题的人大凡都已“丢”了自己吧,69,3,1,0,1,0,0,0,3,0
3,今天晚上是周傑 倫 鄭 州演唱會 ，如果是二哥的多好呢,21,1,0,0,0,0,0,0,0,1
0,我老妹说的多好。。。哲理~ ！握手不一定是友谊，指责不一定是敌对～,25,3,2,0,2,0,0,0,3,0
3,当看到好多围脖都在织街旁时。。。俺，俺，俺却注册不上……,21,0,0,0,0,0,0,0,0,0
3,蛋蛋祈福~ ~ 11月23號 上午8點 32分，小傢 伙走了。我們 知道你很努力了，到了天堂不要在亂 吃?,42,1,0,0,0,0,0,0,0,1
0,亦师亦友、成熟稳重又幽默的熟男为什么让人难以拒绝？悦己总结，成熟男人更懂得在身后默默给予支持；珍惜相濡以沫的平淡幸福，包容谦让；可以像小女孩一样撒娇；言行举止成熟有理，经历丰富多彩；愿意赋予承诺，安定下来…你觉得呢？,61,13,2,0,1,0,1,0,8,5
3,好瘦好瘦好瘦~ 宝你不要再瘦了啊。。。我要！！！看我宝宝瘦的看到排骨了。。。,30,0,0,0,0,0,0,0,0,0
2,去医院抽血化验，没有做胃镜。医生说我胃痉挛。我胃虽疼，但是嘴有强烈的不满足感。,25,0,0,0,0,0,0,0,0,0
2,天冷了，想吃栗子...,7,0,0,0,0,0,0,0,0,0
0,"做女人,挺不容易.我也想当大姨妈啊大姨妈啊: 哎~ ~ : 还是做爷们舒坦啊！: 在理。不过嫌烦可以做男人嘛这个世界上最潇洒的人就是大姨妈，她想来就来，不想来就不来，她不来你急死，她来了你烦死。她来或不来你都要默默忍受，认了吧，听大姨妈的话做好姑娘。",91,3,2,0,2,0,0,0,2,1
3,"他们最手无缚鸡之力,要砍可以考虑那些贪官奸商的孩子,找老百姓出什么气?没出息的东西!为什么要把气出在小朋友身上，可恨还有多少对社会的恨，要一次次嫁祸到幼儿园孩子身上……陕西省南郑县，今天，7人死亡",58,0,5,0,5,0,0,0,0,0
0,回复说得对。字写的很好。就是整体。想想办法吧。写横的也行。暂时不要自己加码直驱三山观桃花，满枝娇媚竟芳华；充饥来碗富乐米，坐待仙桃满枝杈。赞！分享图片,49,1,1,0,1,0,0,0,1,0
0,最后一块烤肉，挖哈哈...我要慢慢的吃..,12,1,0,0,0,0,0,0,0,1
3,我们公司也上千人，百分之八十都是女的，其中百分之六十五长的都不错，我哭啊。我们公司驻两个机场的四个部门再加上市区管理部，估计能有100个人。。。汗。。。差距啊。。。一百多人只是我们部门滴···公司有2000左右··哎····一条死鱼···哼····吐··无良的旅行社···,91,1,0,0,0,0,0,0,1,0
0,多相似吖 .!~ ................他们真的是分了。他们已经分手了，可还爱着。女人想回头，男的也有点想，僵在那里。于是，女人先主动起来，买礼物，打电话，短信一早一晚体贴他。女人以为，男人会感动，却结果，男人说算了。在复合与挽回的微妙时刻，火候顶顶重要，女人再怎么也憋着等男人来找自己，谁主动，最后就谁被动……现在，他们真的是分了。,111,5,2,0,1,0,1,0,4,1
0,回复是刚才有一个毛左兼蒋右骚扰我怀念邓公的贴子极左与极右请离我远些.,22,0,1,0,0,0,1,0,0,0
0,how could it be ！逃脱哥。。。太牛B 了！,19,0,0,0,0,0,0,0,0,0
0,哇，漂亮啊……真彩虹啊！转转生活更绚烂~ 来个清楚的,19,3,0,0,0,0,0,0,2,1
1,14，记得高中时候饮水机刚流行，学校为了创名声决定给每个班级配备一台，那天班主任（男）急匆匆走进班级高兴的说：“同学们，我们班的饮水机到了”，同学顺口问了一句：“什么牌子？”，老师答：“安尔乐”。当时我们那个寒啊......后来我们知道了那个饮水机是“安吉尔”的......?????!@ $ @ & )86.......今天谁都别理我。。不爽。。,108,2,1,0,1,0,0,0,1,1
0,先转～真想给小胖洗个脸~ 给玉米提刮个胡子~ 哈哈~ 笑死我了~ ~ 哈哈~ 笑死我了~ ~ 还有，还有~ 真实的样子总是要面对大众的！谁没有青涩的时候？,57,3,0,0,0,0,0,0,1,2
0,在期待了514天以后，复出的姚明打了12分钟，得了3分3个篮板，希望他的表现能恢复。,30,2,0,0,0,0,0,0,1,1
1,可耻!!!!遅 TF …低等民族！不再多说，一图足矣。一个从上烂到下的国家！请大家或收藏。请记住这个国家的人民，他们那些人那无耻至极，没有良心的笑容。。。(投稿),58,1,2,0,2,0,0,0,0,1
0,兄弟: 原来，诗还是有用的。诗可以记录此刻，感怀以往，声援远方。想起读赫尔岑帕斯捷尔纳克和索尔仁尼琴的日子。能替人说出心声的家伙，他们的名字，就是诗人。诗云：“在春天把歌声压低的人是可靠的。”让我们你的花有新的蓓蕾，我们的房间整洁干净金丝雀可以安全地合上眼在月光做梦的窗帘后面我们很近，你那疲倦的手能在黑暗中找到我的手。,103,5,2,0,2,0,0,1,3,1
1,aaaaaaa 房价啊房价，你真残酷！连动物都开始蜗居生活了~ ~ ~,22,0,0,0,0,0,0,0,0,0
2,""" 跌“似乎成了现在社会的一个”热门“字眼，可也绝对不应该是这个”跌“法！各位，无论怎样，请珍惜生命！富士康发生"" 第10跳"" ，21岁员工身亡，内部员工暴真相热烈“祝贺”富士康“十连跳”卫冕冠军！！",67,3,0,0,0,0,0,0,1,2
0,。温总理,2,0,0,0,0,0,0,0,0,0
3,今天是一个同事在Cisco 的最后一天。他为原来的WebEx ，现在的Cisco WebEx 贡献了6年的时间，离开对他来说是个艰难的决定（我觉得）。原因其实大家心底里都知道。,53,3,1,0,1,0,0,1,2,0
0,WOW MINI 和甲虫什么时候都是最时尚的，哈哈！！,17,2,0,0,0,0,0,0,1,1
1,对金德？很纠结！希望天津赢，上海赢，金德保级成功！老天爷能听我的就好了！,25,2,0,0,0,0,0,0,1,1
0,回复太给力了，《爱情买卖》毛泽东诗词版。,12,1,0,0,0,0,0,0,1,0
0,回复菜鸟已经被宰掉鸟啊呀，错过鸟，错过鸟！什么事？围观，围观他们在造谣，不要脸的无耻之徒好了，SB 都进垃圾箱了一会儿就车去焚烧炉了按照某些人的逻辑。你说句成语，你得注明出处，否则就是抄袭。按照某些人的逻辑，你写，某某说。。。你也是抄袭，我真莫名了，别人不也是转某人的话的吗？为什么别人不是抄袭！所以，那些人就是在发泄私愤，完全是没有逻辑的小人！傻逼！！！！牛鬼蛇神！！！！！！！！,132,0,9,0,9,0,0,0,0,0
0,"“当你珍惜自己的过去，满意自己的现在，乐观自己的未来时，你就站在了生活的最高处；当你明了成功不会造就你，失败不会击垮你，平淡不会淹没你时,你就站在了生命的最高处。”",58,6,1,0,1,0,0,0,3,3
0,大红大紫` ` 狂欢狂乐,7,1,0,0,0,0,0,0,0,1
0,T T 你回南宁了我还没回去呢~ ~ 回家好好放松一下吧~ ~ 后天就要回家了...不知道这一回去什么时候还能再来...真的是又开心又难过...非常的不舍...好复杂的感觉....今晚我们又去了夜市...而且一晚上逛了3个夜市...想趁机会再次吃遍台湾的美食...睡前来个照..最近感觉又胖了..除了吃就是睡....哈哈.别笑我...,103,3,3,0,2,0,1,0,0,3
1,，给姐来本1988~,6,0,0,0,0,0,0,0,0,0
0,有一拼哦姿势百变，不知道睡觉的习惯是不是也会遗传呢？,18,0,0,0,0,0,0,0,0,0
0,我也要加入！我是小胖王！我加入和妳 一起...!!姊妹們 一起加油！要开始为新工作减肥运动，加油！,35,0,0,0,0,0,0,0,0,0
0,有无人同你讲过你同东山少爷廖寰或者系香港艺人郭政鸿生得好似样啊~ ！好看吧...這 張 大頭 照,32,1,0,0,0,0,0,0,1,0
1,风继续吹，红日，伤心太平洋，容易受伤的女人，人间，最初的梦想，。。。港台啊港台啊。。。一地鸡毛。中国的原创音乐啊，加油，一个民族始终是要有自己的魅力自己的文化啊。。。加油！华语原创音乐人！。。。被刺激到的某水在刷屏呢,75,0,2,0,1,0,1,0,0,0
0,看看QQ 看好友对我的印象。其实我想不通为什么有人会说骨感MM ，我觉得我是肉肉的那种。,30,1,0,0,0,0,0,0,1,0
1,28蚊一位，好抵啊！！！！！！！！！！再放一張 嚇 下人。,25,0,0,0,0,0,0,0,0,0
0,学习了。。各大电视台的真相。,9,1,0,0,0,0,0,0,1,0
0,我发现吧，还是我比较上相，而且嫩,12,0,0,0,0,0,0,0,0,0
3,港媒有报道《窃听风云》将拍续集，其实不是续集而是前传。说实话，听到这个消息我有点无奈，《窃听风云》、《枪王之王》再到《窃听前传》，估计到时候我们又会死一层皮～～杯具的是：这个结果还是我们一手促成的，是吧，@ 宇木林,70,1,3,0,1,0,2,0,1,0
3,虽然星期五但是似乎都不怎么开心吧，因为绿豆糕节调假这个礼拜要上7天班呢……于是乎我来讲几个笑话吧。今天早上进公司电梯门口贴着上班的安排的通知，跟爸爸说爸爸我要周末放假不想上班呢，结果中午爸爸跟我说你妈妈好像明天也不用上班列。我答道，爸爸我明天还是按要求上班吧搞特殊多不好是吧,85,1,3,0,3,0,0,0,0,1
0,我只想说这张图好好笑，都别拦着，让我好好笑一下,16,0,0,0,0,0,0,0,0,0
1,墓到底是真是假啊？不是很多专家都说是真的吗？！怎么又假了啊？！看来有时候不要太相信权威，真理就是真理，事实就是事实，不会因为某个人或某个团体而改变,47,5,1,0,1,0,0,0,5,0
0,那两个围脖每次怎样连接？一定要在收藏夹找地址吗？)哈哈，有趣。阿政不知能把我领到什么地方。-围脖草根话痨 群,36,3,0,0,0,0,0,0,2,1
0,回复宁赠友邦，毋与家奴。“亲者疏，疏者亲，亲者严，疏者宽”——这是毛泽东思想“亲者疏，疏者亲，亲者严，疏者宽”——这是毛泽东思想巴基斯坦洪灾。中国已提供了3．2亿元的援助，并还将提供2亿美元。巴灾民人均获得83元。台风袭广东省126.3万人口受灾，广东民政厅通报发放慰问资金148.2万元。人均获得1.1元，灾民表示情绪稳定。,96,4,1,0,1,0,0,0,2,2
3,这个就是我所说的位于斯里兰卡某岛，外望是海的古堡啦。全程最爱就是这个叫做galle 的海边古城。欧式的古城和中式完全不同。只可惜走得太赶太忙,42,0,1,0,0,0,1,0,0,0
0,这价格相当纠结啊。。哭我想去。。。。。纠结的票价,19,0,0,0,0,0,0,0,0,0
0,还有个肺活量大的东北人没回去呢她会去南京让你再次见识东北人的肺活量肺活量這 麼 大的萬 人合唱團 哪裡 找？答案就是?,42,1,0,0,0,0,0,0,1,0
1,今天中午神叨 叨 地跑去吃麦当当，猛然看见薯条包装上的高脂肪和高热量指数，内疚安逸了，日,29,2,1,0,0,0,1,1,0,1
1,额==他妈的日本狗...日本人都不敢看的画~ ~ 这是中国旅美画家李自健的油画——《南京大屠杀》。~ 不是中国人的就不转了！！！,43,0,1,0,1,0,0,0,0,0
2,大爱无疆，舟曲加油！,6,1,0,0,0,0,0,0,1,0
0,宇宙star 飞吻发射ing ……请注意接收~ ?_ ?,18,0,0,0,0,0,0,0,0,0
3,回复额那种学习的话像囫囵吞枣似的老师讲完有一些题目根本就不会做等慢慢熟悉了才好点。据说你们那时立体几何三周学完所有的东西，但我们这届来不及了最近在学立体几何，好吧，我承认偶的空间想象力有很大的提升空间……,60,2,1,0,1,0,0,0,2,0
3,想到我家的那两个小东西感动啊。。。有人情味滴转走。。。太有狗情味了！不收藏就太没人情味了。。。,33,1,0,0,0,0,0,0,0,1
1,打！同意的举手。昨日今日两相照无语常杀人贩毒刑案罩面，堂堂中华自己领海守疆保土被他人所擒遭此羞辱，我们却无作为。悲悲悲！美国助华抗日未占我寸土河山，宋晓军之流却誓与为敌，不惜回到中世纪与美一战。敌实就在近岸并迫近我朝，你们又在哪里？,74,4,2,0,1,1,0,0,4,0
3,为什么为什么为什么就我的星星分组找不到人了，人呢都，人呢！！！,22,0,0,0,0,0,0,0,0,0
0,呵呵，绝了！肥肉大挪移！好好笑,10,1,0,0,0,0,0,0,0,1
0,【不做道长还能做CEO 】近日，中国道教协会同意李一辞职。道长的光环虽被卸下，但世俗中的李一旗下有着一个庞大而复杂的“商业军团”，是个不折不扣的CEO 。在仙道和俗世中腾挪跌宕 ，哪一面才是他真实的一面？,66,3,2,0,2,0,0,0,3,0
3,我靠好险！！！詹姆斯我爱你！！,10,0,0,0,0,0,0,0,0,0
0,很像骆驼的双峰，在沙漠中特会行走那种动物。没空！: 花痴吧: 你以为你罩上了偶就不认识你了！,34,0,0,0,0,0,0,0,0,0
0,回复谢谢理解！唉！刚刚打开电脑想偷闲聊会的，又来客人了，没法啊，抽空吧....,26,1,0,0,0,0,0,0,1,0
0,甜静啊岩花涧草幽林路，樟仞杉耸阴暗日。潇洒自如啊[念奴娇峨眉山]西南雄峙，壮峨嵋，秀尽蓬莱仙景色。云腾霭翻兜罗棉，青山绿水胜双绝。金顶祥光，洪椿小雨，象池大坪雪。灵岩叠翠，天线一银世界。普贤善道峨嵋，万佛宗朝，晨暮钟圣积。伏虎报国僧三千，神水清音琼阁。汉晋唐宋，四面十方，独领佛音乐。武统三派，玉树临风道姑特。@ 红薯网,93,3,0,0,0,0,0,0,3,0
0,。这个阿拉蕾Cosplay 得好萌~,8,0,0,0,0,0,0,0,0,0
3,CC 联通做了个艰难的决定，如果方圆百米内检测到有移动用户将使这些用户不间断自动拨打110。。。,29,1,1,0,1,0,0,0,0,1
0,是扮鬼脸不是妆可爱····头上是圆的女同志要好好反省下！·······特别鸣谢三位最佳男配角！！,34,2,2,0,1,0,1,0,2,0
0,大美妞.呵呵...,4,1,0,0,0,0,0,0,0,1
3,我的心里很乱，一闭眼全是不想看到的画面！！！,16,0,0,0,0,0,0,0,0,0
0,千万别私奔，应该学会面对。如果可以，我也好想私奔。分享图片,17,0,2,0,2,0,0,0,0,0
3,我要啊！这么多亲来参与，真是始料未及。昨天看庚实在太累了，真心疼他，不想让他签太多（虽然我朋友给了我N 张）只有两张^ 本打算自己留一张，给大家一张，看到这么多亲来要…我…含泪送出我自己的第二张，只要是我的粉丝，并评论本条围脖即可，活动持续到周日！我…心痛死啦！！,89,2,2,0,0,0,2,0,2,0
2,先要感谢国家……,6,1,0,0,0,0,0,0,1,0
0,"如作广告,必买之咩哈～效果不错～下次我也要染～！昨天试用了LUSH 的染发砖，纯天然，自然工序麻烦些，没有化学的丝般质感染发慕斯，但也无任何高级品牌都有的刺鼻阿摩尼亚味。需要一位心灵手巧的助手，一只柠檬的汁，报纸若干，耐心适量。等待四个小时的结果是，上色不如化学品，但颜色自然润泽，气味芬芳。最重要是，头皮得解放，地球无负担！",103,11,2,0,2,0,0,0,8,3
2,旅行的意义有很多种。新生或者重叠。看不见的脚印，就踏在你的心里。那些坐在家门口凝神发呆的老人，是不是眉眼里有一道缺。每个人的心里都有一个海角七号，一个想寄却送不到的地址。,56,1,1,0,1,0,0,0,1,0
0,亲爱的你美呆了~ ~,9,1,0,0,0,0,0,0,1,0
3,"李思捷搬張 大梳化已搬到喘氣 ,最慘 要來 回斜路幾 次,真係 收買 人命…",29,0,1,0,1,0,0,0,0,0
0,"跟我贝对着干！我想德国杀进决赛，然后荷兰加冕巴西已伤了我的心,西班牙别让我哭泣。人在沈阳。",31,0,1,0,0,0,1,0,0,0
0,力宏模仿很像,4,0,0,0,0,0,0,0,0,0
0,幼儿园？。猛 洌 ?,9,0,0,0,0,0,0,0,0,0
2,悼35岁香港义工曾敏杰上周三亲自驾车前往玉树送过冬衣物时发生坠山以外，他和两名内地志愿者当场死亡，另有两人受伤。曾太没有陪灵柩回北京，而是先去玉树送衣物，圆丈夫的未了心愿。曾太说，未来会以丈夫名字设立基金继续帮助贫困儿童。三名死难者的追悼会周六在八宝山举行。,75,2,1,0,1,0,0,0,2,0
0,o ，这个东西不知道认得的人多不多？吃的。,15,0,0,0,0,0,0,0,0,0
2,听力毁了，完形毁了，阅读一般，翻译不错，作文很好……我能过么？,23,1,0,0,0,0,0,0,1,0
0,那就转锦涛并家宝阅吧！对于一个存在金融交易市场的国家而言，前后调剂工作日凑成整数假期的所谓黄金周长假作法，就是一个彻头彻尾的愚民玩笑。希望温家宝能看到这句话。,43,1,2,0,2,0,0,0,1,0
0,回复转过两次啦，这是第三世。今天被加了V ，以后发言之前先要想想好，不可冲动脱口而出了。这到底是好还是不好呢？你也有V 哇哇哇还是教授记得也有转世哈哈谢谢！被你如此长久关注，感动中！忠勇为爱国之本；孝顺为齐家之本；仁爱为接物之本；信义为立业之本；和平为处世之本；礼节为治事之本；服从为负责之本；勤俭为服务之本；整洁为强身之本；助人为快乐之本；学问为济世之本；有恒为成功之本。现为台湾青年守则，人人须知须践行。,116,10,1,0,1,0,0,0,7,3
2,...一路平安天上会幸福上善若水！９月２３日早晨９３岁的他静静地走了。蹬三轮的老人白芳礼。这位老人在７４岁以后的生命中，靠着一脚一脚地蹬三轮挣下３５万元人民币，捐给了天津的多所大学中学和小学，资助了３００多名贫困学生。他的个人生活几近乞丐，他的私有财产账单上是一个零。他的衣衫鞋帽都是他从街头路边或垃圾堆里捡来的,100,1,0,0,0,0,0,0,0,1
0,药都别停。主持人像吃了哑药，周立波像吃了春药，高晓松像吃了假药，外国达人像吃了中药，选手像吃了迷药，观众像吃了毒药。,40,1,0,0,0,0,0,0,1,0
0,【推荐活动】张亚东携红牛能量音乐计划落地麻雀瓦舍^ -^,18,1,0,0,0,0,0,0,1,0
1,想起一件往事：某年某月某日，农业部传达室，“你是哪个单位的？”“北大。”“什么北大？”“北京大学。”“北京好多大学呢，你是北京哪个大学的？”“就是北京大学。”“还想骗我！”【你是零帕族吗？】零帕族是指栖身于现代社会各种角色，承载于来自生活及工作中的各种压力，仍能保持积极乐观心态来面对的人群。该类人群并非没有压力，而是懂得化压力为无形，在物欲横流的现实生活中淡定、乐观并且积极向上地生活。深造零帕：北京的大学，其实和北大都很近。,134,5,1,0,1,0,0,0,3,2
0,回复漂亮人如其名。重庆妹子就是爽。“深圳打工妹”劉 爽，喝酒很牛，很爽！,25,1,0,0,0,0,0,0,1,0
0,虽然是辛苦的一天，可是当看到大家为了帮助那些上不起学而失学的小朋友，热情洋溢的献出自己的爱心时，突然觉得心里很温暖，趁活动快结束时，赶紧淘了双心仪的鞋哈哈,47,6,1,0,1,0,0,0,4,2
2,悲伤阿根廷，梅西哭了，老马更衣室痛哭...没有一个进球，梅西就这样告别了南非世界杯。而在德国世界杯上，他也只打入了一个进球。马拉多纳将梅西位置后撤的决定，让梅西远离球门，也远离的进球。,55,0,2,0,0,0,2,0,0,0
1,"好可爱啊If a baby can do ,why can not you ？如果宝宝能做到的，你为什么不能？",33,1,0,0,0,0,0,0,1,0
1,回复黑心的人总如此。。。抵死～热气上火。。。琴晚抵受唔住诱惑又食左榴莲，受苦噶 系my 喉咙,33,0,3,0,3,0,0,0,0,0
3,Kiss -因为是女人】还记得这段让你眼睛湿润的MV 吗，没看过的同学，你绝对要来看一下；看过的，再重温下那份感动吧。,40,0,0,0,0,0,0,0,0,0
0,真正懂爱的，会明白的。,8,1,0,0,0,0,0,0,1,0
2,我发现神马你都会说可爱可爱！瑞典_ Lovisa,14,2,0,0,0,0,0,0,2,0
0,妙不可言读书好！一生读书（散文篇）少年，被爱而孤独；青年，焦虑而孤独；中年，忙碌而孤独；老年，惦念而孤独。书啊，拥抱我吧，陪伴我孤独的人生！,48,3,7,0,1,0,6,0,3,0
3,悲，痛！呢一幕我眼泪都忍唔住我们选用了这张照片。我们未必能够看清她们的表情，但可以清楚看到她们的肢体语言……这一次的挥手告别，触动了我。,45,0,2,0,1,0,1,0,0,0
0,力导游泳技术真高！记得回来啊！还有谁敢在这儿游？.分享圖 片好熱 ...去游個 水先,27,0,0,0,0,0,0,0,0,0
0,回复我们只有保持心态了。没错，人家都是李刚！我就是强烈反对他们放那么多花炮！低碳？发发牢骚罢了，咱管的了他们？人家都是李刚！哈哈~ 亚运会干嘛搞得那么宏大？我们确实有实力已经不需要证明给别人看了。还是下点大力气改善我们的民生的好。要看到在繁华的背后还有多少贫困山区等着我们去帮扶？节省点吧。礼花就放了16万发比奥运多一倍。不值咋想的？赶超？上海世博是10万发。省下点补贴给老百我正在看《云秀》真的很感人！支持！呀，原来甄老师是潜伏的＂ 狗仔队＂ ！今天翻看手机找到一张大哥大亲热大姐大的片子发出，,158,10,4,0,3,1,0,1,8,1
0,回复我是说彭于宴我好喜欢他可爱帅阳光！噢噢噢噢！见了我就有好心情，我能不高兴吗哈哈看到你就有好心情看見 天空那道光了沒 是外星人光臨 了吧在宜蘭 我可是每天在吡 w 慕吧,64,5,0,0,0,0,0,0,2,3
0,，我德V5 德意志得志，日不落日落。求横批。,13,1,0,0,0,0,0,0,0,1
0,"我就是！嫁的那个人不一定要会甜言蜜语,但一定要有好的脾气;嫁的那个人不一定要帅气多金,但一定要有聪明的头脑和上进心;嫁的那个人一定要霸道些,会对你说你是我的,我不许别人走近你;嫁的那个人一定会在过马路时牵你的手,对你说要跟我走;嫁的那个人一定会在你累时伸出手,心疼的说抱抱。”",102,9,3,0,2,0,1,0,9,0
2,朝鲜宣布与韩国断绝所有关系。。。。。有个不祥的预感。。。。朝鲜会不会与韩国开战从而引发第三次世界大战进而导致世界灭亡？？？外星人丫。。快来接我走吧~ ~ ~ ~ ~ ~ ~ ~,61,0,1,0,0,1,0,0,0,0
0,又要录广播剧了~ 好玩~,8,1,0,0,0,0,0,0,0,1
0,还有圈子里~ (来自: ),9,0,0,0,0,0,0,0,0,0
0,在一起就得闹你，动手动脚才快活...=_ =这个叫掐死你的温柔么,22,2,0,0,0,0,0,0,1,1
2,最终你还还是变了，那么多年一起过来。我应该是那个最不想看见你变的人，但是...生活总是这样，我们都无能为力!我又何尝没有在变呢?对不起，骂了你，但是请你记得要是有一天我不骂你了，那么只有两种可能，一是你变回来了，二是我们不在是朋友了。当然这也是我最不想看到的结果!,90,1,2,0,0,0,2,0,1,0
0,万分之一啊微博粉丝过万抽iphone 活动正式开始，细则请看从10月25日开奖为开始直至有中奖者出现本次活动即终止，感谢支持我的微友。只需要评论+本微博一个你的好友即可获得参加抽奖资格，抽奖号码请点击上面细则的网址获取。祝大家好运！,67,3,0,0,0,0,0,0,2,1
3,我本来一边吃晚饭一边在看黑暗侵袭2的，吃了一会，突然发现有点恶心……,22,0,3,0,3,0,0,0,0,0
0,最近买了4台MacBook 。每台MacBook ，Apple Store 都送一台打印机和一个iPod Touch 。哈哈，我突然成了一个大苹果了。,38,1,0,0,0,0,0,0,0,1
0,中午了，也让眼睛休息一下吧~ 获得了北京市眼科研究所的健康认证的IPS 硬屏不易引起视疲劳，保护您的视力健康。秋天天气干燥，许多人常常感到眼睛不舒服，便随意用点儿眼药水缓解一下。还经常通宵达旦地在用电脑工作、看电视、上网、打游戏，对眼病预防严重忽视。中医养眼有食疗妙方，大家平时不妨试试，多多护眼，才能好好用眼。,93,7,5,0,5,0,0,0,3,4
0,无风无雨的“台风”夜，漫步在西丽“欧洲城”，也算是很享受的事情，只看看，啥也不买哦,32,1,0,0,0,0,0,0,0,1
0,迪拜COME ON ··免费入住中东地区最顶级的度假酒店！含双人往返迪拜机票及入住帝国俱乐部房三晚！只需加为粉丝，此条微博并即有机会赢取大奖。同时每日随机抽取发送10份纪念品如图（随机发送任意一件）。抢先登录酒店中文官网揭秘亚特兰蒂斯的更多精彩！,70,2,1,0,0,1,0,0,2,0
3,怎么到我肚子痛了，晕死,7,0,0,0,0,0,0,0,0,0
0,最近剪了个小丸子头发型..每个人心里都有一个小丸子。。迷迷糊糊的小丸子。。爱偷懒睡过头的小丸子。慌慌张张的小丸子。。爱爷爷的小丸子。。可爱的小丸子。。。乃们喜欢哪款呢。。抱走哇~ ~,57,2,4,0,3,1,0,0,2,0
0,喜欢扎辫子的男孩子~ Korea street style,11,1,0,0,0,0,0,0,1,0
0,尚雯婕 全英文演讲1029联合国粮食署慈善晚宴-尚雯婕 全英文演讲,15,1,0,0,0,0,0,0,1,0
3,回复我从小就是个不受人和环境影响的性格，所以比较特别，不喜欢随大流也不喜欢虚伪的一套。有时候是好事，有时候也会让人误解~ 简单很好很强大。。但是很难做到。。因为你想简单时。。。周围的人和环境让你不能简单起来。。。呜呜呜。。。。,78,5,3,0,3,0,0,0,4,2
0,属于自己的就是自己的，不是的想要也要不来“我们，不要去羡慕别人所拥有的幸福。你以为你没有的，可能在来的路上，你以为她拥有的，可能在去的途中……有的人对你好，是因为你对他好。有的人对你好，是因为懂得你的好！”,75,2,1,0,1,0,0,0,1,1
1,继续刷……@Jeresa22,6,0,0,0,0,0,0,0,0,0
1,【乱聊】我勒个去！搜狐搞得这是什么啊？老衲 真要骂街了……！给凤姐还整个美女头像呢，怎么也得给老衲 整个帅哥照片啊！还“有头有脸”……靠！,50,2,1,0,1,0,0,0,2,0
0,转！哈哈哈，小小中断一下，大家等得很急了吧，先来送上RICKY 、任贤齐、阿诚、叶波合唱心太软~ ~ ~ 掌声鼓励,38,0,0,0,0,0,0,0,0,0
1,咋还没听到炮弹落地的声捏？,10,0,0,0,0,0,0,0,0,0
0,【考虑我们公司要不要配合大潮流】久违的广播体操又回来了。从今天起，每天上午10时和下午3时，北京电台体育广播都将在调频102.5中，各播放两遍第八套广播体操的音乐。市总工会要求，2011年全市职工参与健身活动比例要达到60%以上，国有企业参与工间或工前操要达到100%，机关事业单位要达到70%,77,1,0,0,0,0,0,0,1,0
0,回复感谢你好，你的这条微博已被雨润荷香微群群主设为置顶，时间：一天(来自: )月已迷，星已稀，江枫飘飘渔火依，客船望归期。别梦残，晓风寒，执手泪眼杨柳岸，沉舟悦千帆。【双调小令客居】——酬和小令】文心水木-雨润荷香,69,1,1,0,0,0,1,0,1,0
2,好好工作，努力赚钱，争取换个大点的空间……,13,1,0,0,0,0,0,0,0,1
0,这卡片好Q 。可以变成小鸟腿么。。。我也要瘦腿~ ~ 【粗腿杀手】----站立抬臀,34,0,0,0,0,0,0,0,0,0
0,"回复白糖罐也不知道现在怎么样了,前段在网上看到他们遭遇了一些不痛快的事情3年前，初到北京。第二天就寻到798白糖罐（在798里找了近一小时才找到）。在那买了两张CD +1DVD 。其一就是“寂寞.夏.日”，另一是《中国孩子》，当晚就听了个通宵中场休息寂寞.夏.日-< 一>",94,1,3,0,0,0,3,0,0,1
3,"内牛满面！。世博期间上海将可访问Twitter ,Facebook ,Youtube ,Blogspot 等网站。其他城市地区未知。",29,0,0,0,0,0,0,0,0,0
2,四川听证突发事件征用财产案19人赞成2人反对他们能代表民意吗？还好我不是四川人~ ~,25,1,1,0,1,0,0,0,1,0
0,在昆明可以去过桥园吃过桥米线那个地方据说是过桥米线的发源地，很正宗的，香喷喷气锅鸡的鲜汤，油而不腻，端上来都不冒热气，然后下米线进去。我记得初中去的时候，和朋友都下了好几碗吃呢，现在回味起来依然会流口水的。哈哈,64,5,0,0,0,0,0,0,3,2
1,哇塞~ 男生以后5好轻易信网络美女！妆前妆后差得太离谱啦！支持原生态MM 呢個 仲厲 害...,29,2,2,0,2,0,0,0,2,0
3,"回复次性灾害，流行病爆发。有理！必转…心寄玉树，虔诚祈福…6、祈祷1234,可以，56，就别写了，哈哈，提起来给大家。1救援的同时一定要重视防止次生灾害的发生。2所有救援人员一定要注意自身的防病防护。3加强预防常见流行病的爆发。4不知预防性防病治病的常规药品是否计划运往。5我就三八的说这几句。6祈祷",93,8,2,0,0,0,2,0,6,2
0,突然发现，俺的微博出现“七连霸”——老鱼关注的粉丝恰好88个，粉丝88个，织围脖888条。有数字崇拜的人见到了应该狂喜吧：发发发发发发发。他们不管是发财还是发疯，反正发就是好的。我觉得跟“霸”更谐音，七连霸，呵呵，很好。只是，霸啥呢？,79,5,1,0,1,0,0,0,1,4
2,夫女化輕 煙 鐵 媽 媽 哭了,13,0,0,0,0,0,0,0,0,0
0,肃然起敬他砍过13个日本鬼子！看了敬礼在走!不敬礼不是中国人,19,1,1,0,1,0,0,0,1,0
0,姐妹~ ~ ~ 十年了~ ~,12,0,0,0,0,0,0,0,0,0
0,內 有...2個 !分享图片,10,0,0,0,0,0,0,0,0,0
2,南京此时狂风暴雨，一位下班回家的同事被困在路边躲雨，然后第一时间打电话回来爆料，说看到路上有个窨井盖被冲走了，好夸张,32,0,0,0,0,0,0,0,0,0
0,泽披东方福耀邦，涛声如锦恩来张。小平放歌春意暖，大千如画颂紫阳。“滚他妈的蛋，为政在清廉。”多么率真的诗句啊！你又来啦？辛苦！[粽子]【胡耀邦的饮酒歌】“酒价年年涨，酒瘾月月添。量小非君子，醉昏才算仙。滚他妈的蛋，为政在清廉。”1980年胡耀邦得知全国每年的公款宴请达到二百亿元时，既痛心公款的浪费，更忧虑有些官员究竟把多少心思用于工作。此诗也算胡耀邦有感而发吧！,118,5,3,0,2,0,1,0,3,2
3,曾经的那许多年华，给了NZ 。如今，却远离了曾经。原来的故事，原来的人，原来的房子，原来的感觉。一切从头开始。这滋味，用心痛，并不过分。我念旧。,50,4,4,0,1,0,3,4,0,0
0,唔錯 ！幾 好！哈哈~ ~ 好搞笑既电话~ 哈哈哈···好人性化····建議 停產 ?人性化电话>,37,1,0,0,0,0,0,0,0,1
3,如果都记得当年的好，事情还有回缓的余地。但如有一方忘记了，就一点办法都没有了。很多人都是你对他千般好，有一点没有做好，你其余的好处就全一笔勾销。初相遇的时候，一切都是美好的！当彼此都了解时却恶脸相向，丑态人生·······初相遇的时候，一切都是美好的，所有的时光，都是快乐的。即使偶有一些不如意的地方，也甘心消受，因为抱着憧憬，所以相信一切只会越来越好。人生若只如初见，所有往事都化为红尘一笑，只留下初见时的惊艳、倾情。,139,6,1,0,1,0,0,0,4,2
3,围巾党神马的都彪悍 起来吧兴奋屎啦屎啦!!去年那么暖的冬天我都半死半活这个冬天怎么熬!!!我要温暖啊啊啊啊极寒呐?~ ~ 惨了惨了~ god 哇~ 不会吧？千年极寒！！,61,4,0,0,0,0,0,0,2,2
1,吴先生真系MAN 爆了！好正啊d 身材..也太露了..我接受唔到咯..我都5走喇...哈哈..正阿哈哈，，剛 剛 收到朋友去?,45,3,0,0,0,0,0,0,1,2
1,ＴＭＤ 不知道那些jingcha 是怎么工作的，这种重要的事情也会搞错？。。。。。钱拿着都干什么的阿？。。。。。。。。。,44,1,0,0,0,0,0,0,1,0
0,金秋十月天蟾 京昆文化讲坛，邀请大家2010年10月23日（周六）上午10：00，走进逸夫舞台，聆听京剧旦角演员陈朝红先生深切怀念她的恩师，美人如玉—著名京剧旦角表演大师李玉茹先生的生平故事及艺术魅力！（此活动免票入场）,62,5,2,0,0,0,2,0,5,0
0,他俩真是。。。怪可惜的哈哈哈看看舒淇童鞋说二哥时候那游离的小眼神继续加油结果玩票歌手的《卡门》还比某才子《柴米》靠前两名，情何以堪~,42,1,1,0,0,0,1,0,1,0
0,回复项目刚告一段落，Boss 说，假期太多了先休休吧: )啥日子就休假？明儿就休假了,27,0,0,0,0,0,0,0,0,0
0,休息好啦～今日我睇左志明与春娇啦～～捧你场～～～宝贝昨天下完成工作回到家已經 凌晨五點 多！今天，好好休息，好好珍惜。,41,2,0,0,0,0,0,0,2,0
0,二哥的每日一照的创意相当的不错。。你可以采用。这样我们的福利每天都有。。嘿嘿。。这么多人发图片。。我也来好了。。那衣服太贵我才不买。。什么时候下定决心了再买leica ..,57,2,0,0,0,0,0,0,2,0
2,全身酸痛，打个球真不容易，身体还是欠强壮啊,12,1,0,0,0,0,0,0,1,0
0,"回复为哥们儿可两肋插刀,可放弃美猫,可不吃小鱼,可胡须湿掉,不过说好了,这顿你买单啊!哥,喝一杯,忘了那些不开心~ 朋友不开心时，需要你这样陪。",48,4,3,0,3,0,0,0,2,2
2,把你织的围脖备份一下吧。收拾好围脖卷，从此各奔东西？,16,0,0,0,0,0,0,0,0,0
0,回复也是。怕老鼠的人，胆子也可以很大的。只是怕的类型不一样这样的胆，真的可以做罐头男吗？,32,0,0,0,0,0,0,0,0,0
1,哇，好可爱的约克夏看起来好乖巧！同事家的狗狗，我……我想养了……,22,2,0,0,0,0,0,0,2,0
2,蜡烛: : : ，一起深深哀悼上海大火的死难者！也为那些身心受到伤害的幸存者祈福吧！为他们，也是为我们！,35,0,2,0,0,0,2,0,0,0
0,阳光明媚，儿子学习，我上网，开心！,10,2,1,0,1,0,0,0,1,1
0,回复坚持！我今天没睡懒觉！！Α ?、打乱人生物钟节律，长此以往会精神不振2、影响胃肠道功能，易导致慢性胃炎、溃疡病3、影响肌肉的兴奋性，起床后会感到腿酸软无力，腰部不适4、影响记忆5、周末长时间睡懒觉会导致“周末头疼”，睡懒觉会错过早餐，会造成饮食紊乱。--转,79,1,4,0,4,0,0,0,1,0
1,"可怜的瓜瓜色长,被宿舍一个贱人欺负.还一直忍气吞声,我真是看不下去了.干嘛她在你地盘拉屎,你还要为她擦屁股.快爆发吧,像大一的时候一样爆发,吓死贱人!",48,0,4,0,4,0,0,0,0,0
1,哇K ，刚朋友打电话让出去* * ，我去...你是想让我屎呀。。。,27,1,0,0,0,0,0,0,1,0
2,早上刚到办公室，临时通知要录节目。那天我还庆幸这个星期我的小脸有救了，结果~ ~ ~ ~ 为什么偏偏是今天呢？怎么办啊？,39,1,1,0,1,0,0,0,0,1
0,这个到底是那什么抽的看谁的名字顺应就选谁还是电脑随机==【“免费赢”活动再出击！】今天大丰收鱼庄卖光啦！来太晚没抢到？团了好几份还觉得不够？没关系！从现在起到今晚（9月2日）24点前，只要成为的粉丝，“+评论”本条微博，就有一位幸运粉丝将免费获得今日团购【金椒鲶鱼锅行动起来吧！,93,3,1,0,1,0,0,0,0,3
0,昨日的单纯今天的实际像你，而你也早已不是你，我的心是一杯调和过的咖啡，怀念着往日淡薄的青草味。——《九份的咖啡店》,41,2,2,0,1,0,1,0,1,1
2,真的要做点什么，而不是短暂的感动~ ~ 过后抛于九霄云外。35岁香港义工曾敏杰上周三亲自驾车前往玉树送过冬衣物时发生坠山以外，他和两名内地志愿者当场死亡，另有两人受伤。曾太没有陪灵柩回北京，而是先去玉树送衣物，圆丈夫的未了心愿。曾太说，未来会以丈夫名字设立基金继续帮助贫困儿童。三名死难者的追悼会周六在八宝山举行。,92,2,4,0,2,0,2,0,2,0
2,【初级败家女】以后索性让财务把我工资的三分之二每月打进支付宝和上海票务的帐号里好了……,27,0,0,0,0,0,0,0,0,0
0,翻译：掏空了，累扁了。白天放出一头金刚工作，深夜放出一个游魂回家。,20,0,0,0,0,0,0,0,0,0
1,建议大批生产，携带武器潜至钓鱼岛周边。中国最深潜水器如成功可达全球99.8%海底】纽约时报发表文章称，7月载三名科学家的蛟龙1号深潜器将一面中国国旗插在南海海底，这次行动已经远远超越了海底探索本身。文章透露，“有消息说中国正研制下潜深度超7000米的深潜器，若成功，将是世界上下潜深度最深潜水器。”,87,3,1,0,0,0,1,0,1,2
3,昨天早上，车子爆胎，晚上剪得头发乱七八糟，还做了一晚上恶梦，今天早上，踩了一脚狗屎，下午淋成了落汤鸡，试问老天这是几个意思？,36,0,1,0,1,0,0,0,0,0
1,晕！又落雨！希望收工时候5好落啦！！！,14,1,0,0,0,0,0,0,1,0
0,果然震惊！美国靓 女换衫偷拍..睇到流鼻血阿..,14,0,1,0,0,1,0,0,0,0
0,萧老师正解.建议老天别烧，不管怎么着，损失都太大，本来烧衙门是可行的，但想到重建还得咱出钱，我看就算了吧。。。每举办一次大型活动都要烧掉一幢楼。广州书记张广宁先生立刻打预防针，说广州亚运后坚决不烧楼。,63,3,1,0,1,0,0,0,3,0
1,。: : 呦呼～20100924天天向上花絮新鲜出炉咯~ ~ ~ ~,20,1,0,0,0,0,0,0,1,0
3,预测一下八强：乌拉圭vs 美国;荷兰vs 巴西;阿根廷vs 德国;日本vs 西班牙;半决赛呢是美国vs 荷兰，德国vs 西班牙；决赛是荷兰vs 西班牙,43,0,0,0,0,0,0,0,0,0
1,哈哈哈，想起前天的那个段子——李枫：听人说长沙堆积了好多我的书。我：是卖的不好吗？李枫：不是，要我去签名，搞促销。我：或许是卖的不好呢。李枫：不是啦，就是弄个活动。我：卖的不好才会搞活动吧。李枫：你到底想怎样？！！！！！今天刚从南京到长沙就去定王台书城签了很多《燃烧的男孩》，在长沙的，有兴趣的朋友明天去定王台书城就可以买到签名本了，有很多，定王台书市1楼。那些书城热情的美女们，认识你们很高兴，你们太热情了，热情的女孩和燃烧的男孩........（LG 广告一个）,161,7,5,0,5,0,0,0,6,1
1,挺严肃神圣的事让他们弄的像在玩CS 大赛cao 他们什么意思啊“中国军队在美国街道上执勤，美国青少年高喊‘杀死中国人’……”美国米高梅电影公司拍摄的新版《赤色黎明》，让不少中国人愤怒了！,60,2,0,0,0,0,0,0,2,0
2,日本性祭祀的起源神话是从性与爱开始的，历史传说中的自然神与人性息息相通，也是有人的欲求的。日本人对自然神的崇拜，也是包括对性的崇拜。这就是东淫人来历.,49,6,0,0,0,0,0,0,4,2
3,怪，《四大名捕》里没有女性角色出现啊，难道是被逃犯劫走的压寨夫人？电影里用的英文版~ 西风烈还有很多首歌！纯爷们的环节有崔健老师的歌呢！哀怨的俺的歌只不过是一片飘过的不淡定的浮云而已！电影《西风烈》MV 中文版曝光这么爷们的电影，mv 真是哀怨啊，伤感伤感~ 我哭一下先,88,0,7,0,4,1,2,0,0,0
0,说说最“潮”的事：巴菲特亲送海报给《大而不倒》，并在哥伦比亚大学语重心长地说：了！今天湛庐财富汇小team 忙活了一天，得意地赶出了一个图书首页的专题设计“当下最潮的商业阅读”。潮，是趋势，是时髦，是风气。图书还没上市，就有人在传播，在推崇，在打听，这在商业图书里还是不多见的撒花庆祝！多谢还有犀利付小楠,97,6,0,0,0,0,0,0,4,2
2,但是不得不说.佐丹奴的T 恤 图案设计真的不错.,15,1,0,0,0,0,0,0,1,0
0,替卓越宣传一下。他们在搞一个满99元送畅销书的活动，刚刚我很鸡贼地连下了7单，每单都在99.35元到103元之间，希望处理订单的哥哥姐姐们还没有气绝身亡。,49,2,0,0,0,0,0,0,2,0
0,过去四季如春，现在春如四季╭ 这天气让人这是没有脾气呀,17,0,0,0,0,0,0,0,0,0
0,今天真是久违的欢乐的一天啊,8,1,0,0,0,0,0,0,0,1
1,100807★利特图图?★# 快来告诉我这是谁??老特??老特是你吗??# 亲们快来认证!!,34,0,0,0,0,0,0,0,0,0
0,。《狮屎胜于熊便》正解……,10,0,0,0,0,0,0,0,0,0
0,回复我也喜欢。。。这样的人和TA 恋爱一个顶好几个。。分裂好我就喜欢有时候觉得自己是个蛮自私的人。有时候又发现自己慷慨和无私得意外。人就是这样复杂矛盾罢。,49,5,3,0,2,1,0,0,5,0
0,【前方直播员北纬】哈哈给大家看的帅照~ ~ 【后方直播员馒头】哇塞，帅诶~ ~ 大家看得出武艺手上那张单上是什么字么？,39,2,0,0,0,0,0,0,1,1
0,妈妈咪好各位观众大歌星耶,8,1,0,0,0,0,0,0,1,0
3,今年我要过光棍节是因为我没有把成对的筷子送出去么？,15,0,0,0,0,0,0,0,0,0
2,南京滴盆友们都米事吧？？？新闻看的我好怕怕,15,0,0,0,0,0,0,0,0,0
0,得瑟～世界的赤西～今天是得瑟的一天。。啊我得瑟~ ~ 我得意的笑,26,1,0,0,0,0,0,0,0,1
0,这样啊，那我不拉你了，中午要安排人给你送饭吗？回复认真学习，好好向上……摒弃骄奢淫逸的思想～～为什么啊？,35,1,1,0,1,0,0,0,1,0
3,眼花数一下你买过哪些颜色的，哪些颜色是你想买的呢！,18,0,0,0,0,0,0,0,0,0
3,5.17日，黑色星期一。今天超背，有三件倒霉事，一想起来胸口发闷，真想使劲大吃冰琪琳！小小要忍耐呀！,28,1,1,0,1,0,0,0,0,1
0,回复回复: 还没来及放明显点，就被人买走了。你们看的照片都是古迹。米兰街头的报刊亭，esquire 时尚先生，每本售价6欧元。邻座的米兰华人惊道，原来你们做的这本书，我们还订阅了，很爱看。,62,3,0,0,0,0,0,1,2,0
2,。8月24日21时35分左右，一架从哈尔滨飞往伊春的客机在降落接近跑道时断成两截后坠毁。这架飞机的航班号为VD8387 ，当时机上共有96人，其中乘客91人，机组人员5人。42人遇难，54人受伤，其中7人为重伤。（李广福摄）,67,0,3,0,0,0,3,0,0,0
0,"乐1、喜欢吃鸡脚鸭脖;2、吃鱼时吸鱼头;3、吃动物内脏;4、喜欢唱卡拉OK ;5、遥控器外面包着塑料;6、从没吻过你父母;7、餐后争着抢着买单;8、拜访别人时会带着水果;9、只用筷子打鸡蛋,从不用打蛋器;10、在家喝茶总是用一个带盖的茶杯;11、吃自助餐之前先把自己饿个半死。转",97,3,0,0,0,0,0,0,3,0
3,小肚子你就这么泄露了我的行踪~ ~ 抽~ ~ ~ 昨天见到老师，崇子老师给我带了丰厚的礼物...瞬间被感动了...祝她周五魔都之行一切顺利,46,1,1,0,1,0,0,0,1,0
2,学会爱别人，不要只爱自己哈哈哈···，够濒危的。不过有女人就喜欢纯情男（尤其中年富婆），呵呵···以前听过连战29岁还处男，后来娶了个中华小姐，近代就没听过了。抄送太不容易了你…万能的洞主啊，27岁还是处男该怎么办呢？,73,3,2,0,1,1,0,0,2,1
0,加美丽可爱！,4,2,0,0,0,0,0,0,2,0
0,嘿嘿谢谢夸奖～正摄影作品?独享?二零一零年九月二十四日摄于古镇定远,16,1,0,0,0,0,0,0,1,0
0,heyhey ~ ~ 第二次来这里.是为了换换背景...,15,0,0,0,0,0,0,0,0,0
0,这孩子注定要火——油菜花女孩。天啊，绝对私密照嘛。老表，你的电脑千万别拿去修噶 。要不这些孩子更可怜了挺可怜，她在苦笑。唉，现在的孩子都不容易。老表怎么弄到这孩子的照片的。。。。看看这孩子是谁？,69,1,0,0,0,0,0,0,1,0
0,香港跟中国差不多这样的民主才是真民主啊，当然好啊【少年老成的恐惧】下午在茶馆与一个挺有涵养的姑娘闲聊，当聊及政治时发生强烈思想冲突。她说目前不能进行民主政治，说老百姓素质差，要慢慢来，否则就会动乱，甚至产生战争。并说香港人很成熟，40%的财富被李嘉诚占有就没有仇富。我很震惊，一个只有20多岁的孩子大脑就如此僵化！,99,5,4,0,1,3,0,0,5,0
0,愿我后也会跟着来钱！穿这套衣服出街是不是会很拉风？看到就转一下吧，看到转了，以后会有很多钱，看到不转，以后永远都不会有！,43,0,0,0,0,0,0,0,0,0
0,上帝都到发改委上班了。呵呵，谁是中央？在决定涨价与否方面，发改委就是中央问的好。发改委今天宣布汽油涨价，不知是何居心。中央天天要求控制CPI ，发改委怎么就对着干呢？利息涨，企业资金成本就涨，油价涨，生产成本也会涨。粮菜肉蛋奶，油盐酱醋茶。。。物价怎么能不涨？所谓国民收入倍增计划，只闻其声，不见行动，倒是不断听见今天物业税，明天车船税。不知道税都去哪儿了！！,109,1,1,0,1,0,0,0,0,1
2,这个太给力了T T TAT 我票子是大暖男哎哟…眼泪都下来了…我们是一体的。始源首次给中饭留言-给亲爱的中国家人们！微薄图片严禁转载出微薄！,47,1,1,0,0,0,1,0,1,0
0,看样子凯文-戴维斯属于“大器晚成型”选手啊英格兰队新一期大名单公布，最意外的当属“英超犯规大王”+“空霸”33岁的凯文-戴维斯首次入选，卡佩罗无法劝说赫斯基复出，决定“嘉奖”这位已经心灰意冷的博尔顿中锋。里奥-费迪南能否重新戴上队长袖标还是疑问，支持杰队！另外，本期英超精华今晚延期到零点播出，重播是明天上午10点。,88,4,3,0,2,0,1,0,3,1
1,。电视媒体报道手機 音樂 下載 排行周杰倫 全球第三这是必须要顶的啦这是杰伦的骄傲也是我们杰迷的骄傲杰伦为中国争光了,35,1,2,0,2,0,0,0,1,0
0,今天是值得庆祝的日子，99，大家明白的,12,2,0,0,0,0,0,0,1,1
0,现在太瘦了赶快吃回来嫩~ 唱的时候又惊艳，可惜太短了表演时间！07年喬 任梁在金鸡百花彩排的SP ，很认真很可爱，彩排之余不忘HX 人家导演(哎呀你最厉害了，HX 神马的不在话下）那时的小脸蛋有点呼呼的，真好看,68,3,2,0,0,1,1,0,3,0
0,大聲 唱歌的孩子加油！我人生中第一张个人专辑《做你的帅管家》在中国内地正式开始发售啦！带这你们一路的陪伴和这半年来所有的同事们辛苦的工作，现在《做你的帅管家》火热新鲜的出炉了，没有华丽的庆典，只愿真诚的为大家唱歌！请所有的朋友为我撒花庆祝！,80,7,0,0,0,0,0,0,5,2
0,笑破肚皮的各类交通肇事，太......。,8,0,0,0,0,0,0,0,0,0
0,谁跟贴一次，我就为青海地震灾区捐一毛钱,12,0,0,0,0,0,0,0,0,0
0,读十年语文，不如聊半年QQ .4：生，容易.活，容易.生活，不容易.5：我允许你走进我的世界，但不许你在我的世界里走来走去.6：我们的目标：向钱看，向厚赚.7：纯，属虚构，乱，是佳人.8：幸,72,2,1,0,1,0,0,0,2,0
3,智利33人升井，我朝37人升天。33在井下呆60多天，总统拥抱，全球关注，每人赔付300万；37人升天，可能又是悄无声息，每人只有几十万而已！我们用你们挖的煤取暖，却不能保全你们的生命。: 河南禹州矿难37位被困矿工全部遇难。沉痛哀悼。希望知道他们的名字。,77,2,5,0,0,0,5,0,2,0
0,真的好好笑,2,0,0,0,0,0,0,0,0,0
0,初五的财神爷，很有可能就无家可归了,10,0,1,0,0,0,1,0,0,0
3,《如果我们在一起》据说此文的人90%都能收获幸福。,16,1,0,0,0,0,0,0,0,1
0,回微波炉换chrome 吧~ 我这还不是最新的chrome 呢测试下你的浏览器在html5 上的得分我用chrome 是142分，IE7 是19分,40,1,1,0,1,0,0,0,1,0
0,注意第三張 被秒得一塌糊涂。。。Twins 齐齐出席活动图片汇集，太漂亮啦！！！（转CCT ）,29,0,1,0,1,0,0,0,0,0
0,回复一切都为了钱.如今的死法真多，最让人痛心的是矿难死，地震死。没人知道这死的背后究竟是什么？。睡姿不对死。【请收藏备查】,43,0,3,0,1,0,2,0,0,0
0,我想改一个围脖名字可是不知道改什么要有幂字咱来张幂的美人心计,21,1,0,0,0,0,0,0,1,0
1,香烤美乃滋肉松牛角包+鲜奶...美味宵夜...入口即溶...好吃到哭啊...,20,2,0,0,0,0,0,0,2,0
2,"让我更深刻的理解了神经病这个词的真谛……大学女生爆同居血泪史列账单索赔十万囧 ，现在的大学生啊！你不开心时陪你聊天68次,每次80元,共计5440元.跟你* * 327次,每次150(批发价),共计49050元.为你做饭473次,每次50元,共计23650元.为你洗衣202次,每次10元,共计2020元........完整内容",97,4,2,0,2,0,0,0,3,1
3,早安早安我对于你，只是场意外；你对于我，却是一场爱情。一个人自以为刻骨铭心的回忆，别人早已经忘记了。有些人的恋爱，仅仅是爱上了“恋爱”。专一不是一辈子只喜欢一个人，是喜欢一个人的时候一心一意。早安,62,7,3,0,1,0,2,0,7,0
0,说明这家公司的绩效考评制度很好，有一个好的制度社会能不河蟹嘛。快乐的一家。我也欣赏这种坦诚相见的为人。遗落了钱包在出租车上，站在路边打电话报失，偏偏车票又印不清楚，正手忙脚乱尝试，出租车旋风杀回，司机将钱包塞给我，并且报出公司电话，要求我当场致电说明情况并予以表扬。我欣然照办，而且内心很欣赏这种诉求明确，坦诚高效的互惠作风。,102,8,3,0,1,1,1,0,5,3
3,梅西的任意球,3,0,0,0,0,0,0,0,0,0
0,"要活得简单,一定不能想得太多.【哲思小语】1、简单的生活之所以很不容易，是因为要活得简单，一定不能想得太多。2、不要总觉得被轻视，先问问自己有没有分量。3、吃下去的就坚决不再吐出来，所以吃之前要想清楚。恋爱也是。4、想办法努力赚钱，而不是如何省钱。5、记得自己的错误并想办法弥补，但永远不要责怪自己",96,5,3,0,3,0,0,0,4,1
2,唉，我刚回到酒店，地铁没有了，我打黑车到的酒店，还好没被坑刚从《品牌中国周刊》战时编辑部房间出来，大家在的带领下挑灯夜战，有的席地而坐，有的把床作为写字台，有的半蹲在地上选照片，我和大家一起拍了一张照片，记录下了这难忘的瞬间……照片将发表在明日出版的周刊上。论坛圆满结束，明天是百度、爱国者品牌之旅。他们叫我了，该下楼吃馄饨了！,110,1,0,0,0,0,0,0,1,0
0,《我的团长我的团》，生命的传说里因有你而变得如此美丽让我震撼的团长！对己自省、对事承当、对人慈悲，这是我在团长中看到的态度，一种无比爷们儿的态度！一种让人越轻松就越沉重，越难过就越振奋，越崇敬就越惭愧的态度蒋小乙团长MV 《千秋家国梦》chengyue1206,82,6,3,0,0,1,2,0,4,2
0,学习了。公关与广告。广告与公关——“我直接告诉你我的床上功夫很好，这就是广告；而我让你的闺 蜜告诉你说我的床上功夫很销魂，这才是公关。”出自：,53,1,1,0,0,0,1,0,1,0
0,小驰驰终于可以光明正大的上街啦～～～,11,1,0,0,0,0,0,0,1,0
0,对每个人都不要存着坏心就好了不过对陌生人好一点也没什么！做人要向善！人们日常所犯最大的错误，是对陌生人太客气，而对亲密的人太苛刻。其实千万个美丽的未来，抵不上一个温暖的现在；每一个真实的现在，都是我们曾经幻想的未来。------人们日常所犯最大的错误，是对陌生人太客气，而对亲密的人太苛刻。,99,8,3,0,3,0,0,0,8,0
0,"抱得好紧哦！哎~ 2012真的要来了,长颈鹿都会爬树了啊！",20,0,0,0,0,0,0,0,0,0
0,要我帮你翻译么哈哈哈小查请明盘，跟日本妹妹说了什么真心话了，请跟姐姐们share 不藏着，不掖着，说真话，理解万岁～わ き ち ゃ ん 、好き だ ～,54,0,0,0,0,0,0,0,0,0
0,我.........有懼 高症的.....，光看第二张图我都晕了,15,0,0,0,0,0,0,0,0,0
0,明天考试，加油加油，一定通过，张小瘦,10,2,0,0,0,0,0,0,1,1
1,自从10月30号开始，我们两个our home 小成员的每周一聚是多么的美好呀（PS： 两个盘子一边儿大，是我拍摄角度问题）,37,1,0,0,0,0,0,0,1,0
0,我也很想有家我的拉面馆~ 人气拉面店「 六厘舎 」 因食客排队，惹附近住民不满而打算关店。这家经常在登上日本美食杂志，电视的拉面店，因为汤料浓厚，面量够足，受到食客欢迎。周末的时候有将近100人排队，等上1-2小时也是平常的事情。而引发住民不满的主要原因是，食客阻塞交通，抽烟，喧哗。真是够杯具的拉面店。,103,1,4,0,4,0,0,0,1,0
2,今日先同班姊妹分享，下一個 袋應 該 買 咩好。點 知....唉......!,24,0,0,0,0,0,0,0,0,0
3,他太可爱太完美了，不需要再经过这个物质世界的考验，直接去下一个美好的世界了。孩子的父母亲放心吧，他在那个世界会得到非常好的照顾的。,44,4,0,0,0,0,0,0,3,1
0,和尚之间不再称呼师兄师弟，而叫同事了~ 不穿僧鞋穿拖鞋这年头做和尚就等于做金领啊香港机场入境，偶们南传同事，捧着金佛，夹着LV 钱包，手拿iphone4 。给力么？,51,1,0,0,0,0,0,0,1,0
0,为了拯救乳房，就折磨脚，合适么？【今日澳闻】9月28日，澳大利亚悉尼举行了一场“高跟鞋接力赛”。参赛选手们将穿至少3英寸高跟鞋，进行4×100米接力赛跑，这项活动是为了帮助乳癌患者治疗募集基金。,57,2,1,0,1,0,0,0,2,0
2,。一名幸存的女性香港游客在医院接受治疗时说，劫持者门多萨从当晚8点以后开始漫无目标地朝着人质开枪！她说，她的丈夫用身体护住她！挡住了门多萨的扫射，但是他本人却被打死了！这是一位充满真爱的真正男子汉！让我们向他致以崇高的敬礼！点燃蜡烛為 他和所有这次事件中香港死難 者致哀！,86,3,1,0,0,0,1,0,3,0
2,还不如去富士康了呢。来个痛快的。。慢性自杀的不良生活习惯，你占了几个？⒈不吃早餐；⒉晚上12点后睡觉；⒊每天对着电脑14小时以上；⒋手机24小时开机，并随身携带；⒌吸烟；⒍饮酒过量；⒎缺乏锻炼；⒏长时间呆在室内。< 给自己的朋友提个醒>,76,3,2,0,2,0,0,0,2,1
0,李宇春10101113重庆国际巨星演唱会: : : SO SEXY 原帖20101113金潭玉液重庆演唱会-美葱美艳在春吧开的楼咳咳我是这么想的：李总的身材真是越来越绝了啧啧各位请看这张图臀部到腿部的线条居然是那种很健美的很有力度的S 线条这绝非一朝一夕能练出来的线条呐……喷血（秀秀我私自搬了你的图哈我只是为了有图证）,96,3,1,0,1,0,0,0,3,0
0,谁有创伤，赶快接吻吧三重门告诉我们，所谓接吻就是四片嘴唇相碰，而人大多时间都在接吻——自吻。是哦~ 怎么办~ 还好我工作中经常碰到~ 我3年少活多少年!!!应该是经过研究的。每一次接吻，会消耗体内至少12个卡路里。经常接吻的人平均寿命较一般人要长5年。接吻是治疗打嗝不止的最有效方法。接吻时12组唇部肌肉& 17组舌头肌肉会程紧张状态促进血液循环有助预防皱纹令皮肤更光滑有美容效果。激吻时因受刺激所分泌的内啡 泰荷尔蒙相当于一片止痛药的效果让人暂时忘掉忧伤。,141,3,4,0,0,0,4,0,3,0
0,邀歌呀终于和大师合影了！,8,1,0,0,0,0,0,0,1,0
3,我承认我生活得很不舒适...【当前全国各大城市舒适生活的月薪标准】童鞋们快来看看你的生活是否舒适?,31,4,0,0,0,0,0,0,4,0
0,阿米豆腐，善哉善哉~ …………昨天在西单偶遇唐僧师徒四人在化缘........,21,0,0,0,0,0,0,0,0,0
3,细节帝。。。。,6,0,0,0,0,0,0,0,0,0
0,谢谢小自~ ~ ~ 照片9.周迅采访完往回走时碰上王中磊，王展示给她看他刚在现场拍得的什么拍品，那个拍到胳膊是的，呵呵,41,1,0,0,0,0,0,0,0,1
0,我最爱钞票。。。同~ 我也是酱紫的~ 明天出发赚钱！太给力了，这图简直就是为我而生,30,1,0,0,0,0,0,0,0,1
0,有趣收到了这一条转出来，送给意在不言中，你懂的！“没错。若我不接受你的谩骂，那你就是在骂自己。”,36,1,1,0,1,0,0,0,1,0
3,犀利左边系王祖蓝亲妹。右边系王祖蓝扮嘅 handelababy .我接受唔到咯。,21,1,0,0,0,0,0,0,1,0
3,12星座最容易发胖位置& 发胖指数~ ~ 【12星座最容易发胖位置& 发胖指数】------白羊—小腹50%；金牛—腰腹80%；双子—大腿60%；巨蟹—脂肪肚90%；狮子—臀部30%；处女—不详10%；天秤—胳膊50%；天蝎—全身90%；射手—腹部50%；魔羯 —小腿40%；水瓶—腰腹80%；双鱼—全身90%。,94,0,1,0,1,0,0,0,0,0
0,精闢 !!!哈哈..灰常跟风的交通警示牌。,13,1,0,0,0,0,0,0,0,1
0,一个字：“俗”。。。。@ 风从那?,16,0,0,0,0,0,0,0,0,0
1,擦TMD 还好意思拍照留影受不了，TMD 。。真的开始骂了，有什么资格称为警察？《?,26,0,2,0,2,0,0,0,0,0
0,好寒，好雷，好恐怖检查有没有余粮。據 說 ?,15,0,1,0,0,1,0,0,0,0
3,maybe 人在江湖身不由己呢！有道理~ ~ ~ ~ “一个人，如果没有空，那是因为他不想有空，一个人，如果走不开，那是因为他不想走开，一个人，对你借口太多，那是因为不想在乎。”,57,0,2,0,1,0,1,0,0,0
3,我心裡 深深的準 備 好了但人到不了!!!唉!!!我只能祝你生意興 隆!!!!我的前男友!!!準 備 好了嗎 ！Mischief 開 幕之夜！,54,0,1,0,1,0,0,0,0,0
2,姐，俺比你强，俺到一个地方，只要介绍过的人名都能记住，字都不会写错，嘿嘿新学校人太多了，转过个身就把人姓什么叫什么给忘了,43,0,0,0,0,0,0,0,0,0
0,謝 謝 你們 小米，你要知道，我们永远爱你、支持你！！！我只能說 我愛 你了對 說 ：路小米！！你是我心中的素顏 女神！！！素顏 大正妹！！！,57,1,0,0,0,0,0,0,1,0
0,回复登电脑玩喽回复哎……手机可以收藏吗？那就只有等我们中国人设计了: 能唱中文的就好了: 这个好玩，不过歌词的写英文在这里你可以选择中意的小人来哼唱你所写的歌。无论写什么他都能唱出来！哈哈！还有动物伴唱来试试吧！操作方法：,77,3,2,0,2,0,0,0,1,2
0,。玩儿过植物大战僵尸的你懂的，the zombie is coming 。。。,22,0,0,0,0,0,0,0,0,0
1,气的我想杀人!!!MD !!!以后我再买惠普的东西我就是猪!!!!!,28,0,0,0,0,0,0,0,0,0
0,写大牌就是有感觉！！Dior homme,10,0,0,0,0,0,0,0,0,0
2,爆寒……哈哈，唱得不错嘛！红雷哥，你这是要跟菲姐pk 吗：）我勒个去这货不是孙红雷这货不是孙红雷，，我哭了,35,2,2,0,2,0,0,0,1,1
3,得不到你所以只好囚禁你，留不住你的心至少留住你的人。。。法海对白素贞永恒的爱~ 好感动,29,1,1,0,0,1,0,0,1,0
0,【节目录音】本周《DJ 周记》值班DJ 小夫坐班直播室与你music fall in love ！本周开场金曲：陈奕迅、露云娜-《讲男讲女》播出时间：逢周六下午5:50FM86 华师广播台,53,0,0,0,0,0,0,0,0,0
2,哈哈~ 痴线佬啊！好残忍啊.......竟然这样折磨洗衣机...。用洗衣机洗砖头的后果，我哭了洗衣机做鬼也不会放过你……,35,1,3,0,3,0,0,0,0,1
1,"该项目建设单位是都江堰市国有资产投资经营公司和四川省三秦房地产开发有限责任公司，尽管是国企背景和隶属灾后重建项目......天怒人怨！都江堰市政府是黑社会吗！！！！！！！！！！！！！！！！！！！！！！！！！！！！！！！！！！！！！！！！！！！！！！！！！据众多工友回忆，警察到达现场后并未有效控制局面。相反，令人不解地对讨薪的工友进行了殴打。由于事发时间在下午下班后不久，现场很快便被愤怒工友围堵，3名警察翻墙逃出，而行凶者此时则躲在指挥部办公室。《都江堰民工讨薪被砍死抢尸者"" 坐满12辆公交"" 》",160,2,3,0,1,1,1,0,2,0
0,这是我最喜欢的一版啦给大家看看《贫尼和法官大人的瞬间火花》的封面~,22,2,0,0,0,0,0,0,1,1
2,身体极大不舒服，又不想请假，还有很多电话没打呢,15,1,0,0,0,0,0,0,0,1
0,索要演讲实录=)王煜全演讲立场鲜明，言语直接，估计底下观众们都听得很爽，分析了产业链及格局，讨论了api ，召集了开发者（也帮投资人找项目？），过程中批驳了运营商、某u 、某场的某些产品，一会去微博内容中搜索下，看看微博博友们有没有根据演讲内容展开讨论无线互联应用开发者创业孵化论坛Frost & Sullivan 首席顾问王煜全发表题为《无线互联的布道与孵化》的演讲,102,2,1,0,1,0,0,0,2,0
0,中秋节快乐，月饼最大君姐你这个笑容太酥了我都成脆皮的了,18,3,0,0,0,0,0,0,0,3
0,不管聊啥，铁三角是我最推荐的人选！）,13,1,0,0,0,0,0,0,1,0
1,在玩繁体中文版的红楼梦游戏，为了成全宝黛，处心积虑把袭人薛宝钗赶走，连史湘云都快逼死了。结果，Kao ！贾宝玉跟蒋玉菡 私奔了！！！！！！,43,2,2,0,2,0,0,0,1,1
0,回复不觉得这就是新时代人们所需要的精神力量吗？淳朴谦虚更富有进取之心。当之无愧乎！你过誉了，文心跟大家一样用心感悟人生而已。多谢，真热闹啊，O 文心是微博诗新一代女性诗人的代表人物。她才情横溢，诗词散文俱佳。其作品多以抒情诗为主，但写法多变，在新诗的探索与发展上作出了很多有意义的实践。善于把古典诗词的语言美、意蕴美和现代诗歌的结构美有机结合，可谓“新实验诗”的先锋人物。,114,14,1,0,1,0,0,0,13,1
1,要是坐在上面。。。那屁屁～～如果你住在一个连晾衣架都没有的小公寓里，里面却配备了暖气片，设计师Eunggyu Lee 的这把椅子就能帮助你晾干衣服。把衣服悬挂在椅子靠背的横条上，再将椅子搭在暖气片上，就能吹干衣服了。暖气还可以顺着椅子顶部的入口进去，在管道里面流通，能加快晾干。,89,1,0,0,0,0,0,0,1,0
0,我都看懂了...怎么办...【纯情指数测试】看懂0幅的超级纯情，看懂1-5幅的还需学习，看懂6幅的经验就相当滴丰富了！！,45,4,0,0,0,0,0,0,4,0
1,回复基本上只剩下感冒症状了嗯嗯，i have sexy voice !片头还好吧，你身体怎么样了本来想好转一点看看big bang theory ，结果那片头晃得我快吐了……病人也需要娱乐的吗！！！！,60,1,0,0,0,0,0,0,0,1
0,搞笑的学生作文。很有耐心的老师。,11,1,0,0,0,0,0,0,1,0
0,就下面那个咬他！我艹 ，刚哪个孙子把我推下去的？有人证没？,22,0,0,0,0,0,0,0,0,0
1,同意分享图片高跟鞋是女人必备的单品，它们既能提升你的气场，又能增加自己的自信，同意吗,27,1,0,0,0,0,0,0,1,0
0,""" 爱是最美丽的法律"" !!!同志你好北京街拍第96个微笑.这位藏族的哥哥为了给我们写下这句话!思考了有5分钟!上面的藏文你看懂了吗?这是此次街拍我最喜欢的一句话"" 爱是最美丽的法律"" 意义深远..@ 亮马SB",76,5,0,0,0,0,0,0,4,1
0,阳光酒窝SD 小正太十分有优型男架势）供你们噩梦。俺睡去鸟,20,1,1,0,0,1,0,0,0,1
0,【史上最搞怪的奶奶】上次发了一条关于“潮到爆的时尚帅爷爷[,19,1,0,0,0,0,0,0,1,0
1,苏子苒 这种一看就是言情小说女配耽美小说【炮灰】女配【炮灰】受的名字是要怎样！摔诗洛蔓……右边的右边，敢情我们是亲戚啊漠洛苒 ，请问我是五行缺水缺木么……还好我本名里有水有木==木唯凉，冷死人1苏2陌3浅4诗5漠6染7安8夏9木0伊。二.月份：1颜2唯3洛4雨5潇6子7小8简9晗10宇11景12悠。三.日期：1苒 2若3希4韵5雅6朵7涵8蔓9曦10璇11暄12默13言14柒15嫣16紫17荨 18帆19末20凉21落22尘23语24轩25歌26熙27夕28影29莫30然31语。我染悠歌，还不赖,186,2,2,0,0,0,2,0,2,0
0,期待！期待两张专辑！看到重点了，除了十一月的《波点潮》之外，十二月要发英法双语专辑。,24,0,1,0,0,1,0,0,0,0
1,WHO ？哪个菲姐啊？哇塞~ ~ 糊里糊涂找到菲姐的围脖！！赶紧加起来！！,24,2,1,0,1,0,0,0,1,1
0,今天是这位领导的诞辰啊，这娃怎么看着很像某领导人呵呵，没意见。没什么意见，一样吧新浪微博升级，不知同志们有没有什么意见？,36,2,0,0,0,0,0,0,0,2
0,小样，找打是不是？至今见过的最牛X 的猫咪了，谁有见过比它还牛的，赶紧投稿来与大家分享。。。,37,0,0,0,0,0,0,0,0,0
0,最近在空间了一篇关于川菜做法的日志，没想到印发了大家空前的热情，还有好多不是好友也转了，看来好吃狗儿还是挺多的哈，再把链接发上来，喜欢川菜的朋友可以学习。我反正是做好大显身手的准备了！,57,7,1,0,1,0,0,0,7,0
0,任岁月风干，生活像一把无情刻刀，改变了我们的梦想。傻傻等待2年却没好结果，何必，新生活吧。抛开一切，生活并不会抛弃你！,40,0,2,0,2,0,0,0,0,0
0,我觉得挺好的啊哪有雷人啊,10,0,0,0,0,0,0,0,0,0
2,今年总是出事，烦死了。多事之秋！除了祈祷，我们还能做什么。。这些年天灾啊%多少，人祸啊%多少？【最新消息】青海地震已发现4名死者，另有多人被埋温总他老人家又该忙了，是又要捐款了嘛。14日早晨7时49分，青海省玉树藏族自治州玉树县发生7.1级地震，震源深度33公里，属于浅源地震，震中位于县城附近。,93,0,3,0,2,1,0,0,0,0
3,感动的内牛满面晚上公猪总为母猪放哨，生怕主人将母猪宰了，日子飞逝，母猪变胖。它听见主人商量要把母猪杀了卖掉。自那天公猪性情大变，主人送来食物它抢着吃，吃完就睡并要母猪守夜。母猪觉得他不在乎她，很失望。主人发现母猪没剩几斤了，而公猪油光发亮，终于屠户把公猪拖走，公猪笑着对母猪说“以后少吃点”!,95,0,2,0,0,1,1,0,0,0
2,这个应该给那个叫什么秋石的文章放一块....新华社不是毛泽东政权的吗这是《新华日报》1945年9月27日社论。1949年那个旧政权不就被推翻了吗？一个民主国家，主权应该在人民手中，这是天经地义的事；如果一个号称民主的国家，而主权不在人民手中，这决不是正轨，只能算是变态，就不是民主国家...不结束党治，不实行人民普选，如何能实现民主?把人民的权利交给人民!（《新华日报》1945年9月27日社论）,119,8,3,0,3,0,0,0,8,0
0,当年是哪个家伙当面忽悠老头说，招风耳就是招福？老实交待！估计熙熙的招风耳（某人貌似是这么形容的吧）就是被他外公给天天拧成的~ 小盆友真乖。。。某外公搞小动作。。。。揪耳朵的真相~ 发布帖传送门,60,1,1,0,1,0,0,0,1,0
1,"哇，看来益力多的市场很庞大啊···我的最爱,我的最爱..哈哈,新版的益力多,唔知边有得买益力多light 版....",40,1,0,0,0,0,0,0,0,1
0,未雨绸缪嘛~ 哈哈~ 现在开始约，早了点吧2011年11月11日是周五，上午11点11分，微博里的光棍们聚会吧！,38,2,1,0,1,0,0,0,1,1
2,无意中看见的，真是没有语言了……郑州城市不错，有中超球队，赛前还紧急翻修了，为什么是这个样子呢？平了也行啊~ 关键是人家赢了,43,1,1,0,0,1,0,0,1,0
0,么么凤姐，你的言语也太招摇了吧，很多事情不是“去死”就能解决的，有空来我们昆明坐坐吧，哇咔咔，让你上上我的节目！各位注意哇！凤姐要去自杀了。。。我和孙建业没有任何关系，如果再有媒体出孙建业炒作我的假新闻。这个媒体就立即倒闭。所有员工全部去自杀，,86,1,3,0,3,0,0,0,0,1
0,其实我也想笑去使玻璃心什么？我想笑……如果曾经千军万马的黑都没让你玻璃心的话，那么这张，绝对能让你玻璃心。。。小样儿~ ~ ~ ~,46,1,0,0,0,0,0,0,1,0
3,六月末，又到了半年总结时,9,0,0,0,0,0,0,0,0,0
0,梦幻气质。【附上奥黛丽赫本的可爱瞬间】,11,2,0,0,0,0,0,0,2,0
0,回复嗯那我开辟她专栏啦哈哈哈哈梁咏琪的很多歌都可以啊最近GIGI 关注人气很高用她的歌没错的一大堆人挺你新的一年来临了，祝福大家节日愉快，在你欢度节日的同时，不妨关注，它一定给你带来惊喜，相信爱，相信OUO 中国，今天的话题是，介绍点经典好听的歌曲，看谁列举多！加油喔，大奖还有呢,89,8,0,0,0,0,0,0,6,2
3,"国际！国际！国际！国际！国际！慈善！慈善！名人！好吧，我为旁边那两朵小康乃馨转~ ~ 那我为哈根达斯转为名人,还是国际的慈善的转.刚刚在人民大会堂领完国际慈善名人奖，在赶去下个通告的间隙，黄先生请大家吃哈根达斯…",67,7,0,0,0,0,0,0,7,0
2,回复奴隶式教化都没有把你们改造好啊，失败【开篇】李公明《大学生的恐惧与冷漠是怎样炼成的》起主要作用的倒不是冷漠，而是恐惧，有关眼下利益（各种奖学金等等）与未来（就业等等）的恐惧。这时候长期以来的奴化教育自然会显示其功能。,66,4,7,0,4,3,0,0,3,1
3,繁衍生息的栖息地被人类破坏，等待这些动物的只有死亡，而且这种残留下来的污染还会持续几百年，这一切都让大自然在痛苦中承受消磨！人类什么时候才能停止这种伤害大自然的行为，殊不知大自然的忍耐是有限度的！,55,1,4,0,2,0,2,0,1,0
0,"找个人12月15日陪我看流星雨去,哇哈哈【2010下半年流星雨】8月12日，英仙座流星雨极大；8月20日，天鹅座流星雨极大；10月8日，天龙座流星雨极大；10月21日，猎户座流星雨极大；11月8日，南北金牛座流星雨极大；11月18日凌晨1时至天亮前，狮子座流星雨极大；12月15日凌晨，双子座流星雨极大；12月22日，小熊座流星雨极大。一定到时欣赏哦！",104,3,0,0,0,0,0,0,2,1
0,未能在中原地产实现的培训师目标，现在有机会在碧桂园实现，需要时间！~,20,0,0,0,0,0,0,0,0,0
3,边个系北风？突然发现，北风应该也挺想黄伟文的: 摄影师平深！！！哈哈，你们哥俩终于相认了！啊！謝 謝 ！,36,1,0,0,0,0,0,0,0,1
0,哈哈~ 真神奇~ 去看了哈哈，罗祥的魅力是有多大啊，是不是，有没有有點 神奇阿祥的魅力無 限啊...。太让我大吃一惊了，一个和尚居然在新浪微博里关注了罗志祥，哈哈，太Hi 了,59,6,0,0,0,0,0,3,0,3
1,高跟鞋我快疯了！high heels 分享图片,12,0,0,0,0,0,0,0,0,0
0,嘟……嘟臀！有图有真相！猜猜他是谁？大家踊跃便捷加内容，我们这期话题持续到这周日，下周一会公布第二个话题，并公布获奖者信息！大家一起泡世界杯！一起快乐足球！原来你的真的比我们白。哇……,61,4,0,0,0,0,0,1,2,1
3,胸腰臀三大最吃香的部位等看的纯熟了以后，一看女人身材就知道是啥星座了哪啊？嗯，以后知道看哪了摩羯 —膝盖有啥用啊？,42,2,0,0,0,0,0,0,2,0
1,还行...只能看第六行和第六行以上，那你的显示器还是别用了；到七八行的，基本是属于较差但是还能使用的；能看到第九行和第十行就算比较好了；我能到看十，但看不到十一你的显示器能看到第几行的字？,64,0,0,0,0,0,0,0,0,0
0,宝宝！你就嫌弃我们吧！继续嫌弃！哈哈~ ~ 某灯牌。宝宝是说你们二。,24,1,0,0,0,0,0,0,0,1
3,请允许我再乌鸦嘴下，今夜阿根廷将会被墨西哥淘汰1德国战车再次让不列颠骑士蒙羞！可怕的日耳曼民族，在此用其优秀的团队配合能力向世界演绎了一场伟大的比赛！,44,3,1,0,0,1,0,0,3,0
0,太赞了。。大图太大缩了一下=-=请有序前来受死传说中的七面巨型光影立方体,22,0,0,0,0,0,0,0,0,0
1,其實 ..我真的真的好想去旅行~ 好多美麗 的地方都吸引著我你們 最想去哪裡 旅行?我好想去馬 爾 代夫!!!> <,45,0,0,0,0,0,0,0,0,0
1,我的动力，肥肥成的压力，哈哈...发完这条围脖，我就整一败家女形象了女人的动力，男人的压力。。。,31,1,0,0,0,0,0,0,0,1
0,想到嘟嘟小时候的，霍特思像！那无辜的小眼神好可爱啊！！,18,1,1,0,0,0,1,0,1,0
1,好美的图最后一次的拥有最难舍。（BY 佚名）早安，各位。,19,0,0,0,0,0,0,0,0,0
0,“返回顶部”在最右侧也随时浮动！相当的人性化。微博。刚发现新消息提示改为浮动的了，很好,29,0,1,0,0,0,1,0,0,0
1,为什么事故发生这么久还没个说法？因为漏油而寻求赔偿的大连渔民没有从中石油这家富得流油的公司那里得到丝毫安慰。中石油在大连漏油事件中的傲慢态度，显示该企业既缺乏社会责任感，也缺乏民事主体平等的法律意识，更缺乏市场经济中的规则意识……漠视任何规则，漠视任何普通人的利益，直至最终尾大不掉。（via FT 中文网叶檀）,86,4,8,0,8,0,0,1,2,1
2,愿人类和平共处到永久！【“光之塔”纪念911】9月11日晚上八点至十一点，两座光线组成的双塔如同两个点燃后的蜡烛，光线可辐射至远方，以此凭吊那些在911事件中去世的人们。,51,0,2,0,0,0,2,0,0,0
0,宝贝太可爱了···笑死我了超级搞笑，世界上最胆小的熊!把我笑趴下了！！！,29,2,1,0,1,0,0,0,2,0
0,: : : : 。的超高像素名单图，要找人的可以“查看大图”细看。集微博之力，转给需要的人。,34,0,0,0,0,0,0,0,0,0
3,小二，今天很累吧？心疼你。二哥MM 演唱會 內 地第一場 的場 景，細 數 今天的南京是第幾 場 ？！,41,1,1,0,0,0,1,0,0,1
0,吖    牡 乃 牡 膥 ???,20,0,0,0,0,0,0,0,0,0
0,老洋气的live ！《奖献唱《》,10,0,0,0,0,0,0,0,0,0
3,实拍英男子机场“坐”无形椅读报被围观。我觉得秘密应该在他的右腿里边吧。。,24,0,0,0,0,0,0,0,0,0
3,任何事物会红起来其背后都有着深远的意义！有需求才有存在的价值。凤姐存在的价值不就是让网友们吐槽的吗？网友们不是也吐的挺开心挺自豪挺满足的吗？最后供需双方都各自得到了想要的东西。网友通过吐槽得到了解压和发泄，凤姐通过被狂吐而声名远播。可谓是‘双赢’啊！但哪一方赢得更实在？有待考量！你们这群未来渺茫的人有什么资格嘲笑在500强工作的凤姐…（一老师如是说，看后我内牛满面！）,121,10,5,0,4,0,1,0,4,6
0,因为她！哈！我不说妳 也知！今天祖儿上凤凰卫视娱乐大风暴的视频。给偶像，还有祖儿的好朋友美女主持！,34,4,0,0,0,0,0,0,3,1
1,太棒了！射手要送我的礼物,8,0,0,0,0,0,0,0,0,0
0,回复哈哈。老实讲，对那个阶段完全停留在“他们说”的阶段。时代是波浪型上升的，说不定过几年还会有。。赚钱先，玩先，然后累了，有空会找找你说的那人。。哈哈。俺上了大学红高粱、穆斯林的葬礼…,65,5,0,0,0,0,0,0,2,3
0,哇塞！各种期待！由华谊当红小生主演的悬疑爆笑电影《熊出没注意》预定于10月1日上映。,26,2,0,0,0,0,0,0,2,0
0,回复还是彩色的瓜子，粉红色的香芋 瓜子，奶黄色的香蕉瓜子，看起来很有食欲呵呵好好玩哦。。我喜欢恰恰瓜子瓜子下稀饭。哈哈，因为吃着吃着稀饭饭突然想吃瓜子了。,51,7,1,0,1,0,0,0,4,3
2,网恋有风险，见面须谨慎。,8,1,0,0,0,0,0,0,1,0
0,之前上ART 親 手做的禮 物~,12,0,0,0,0,0,0,0,0,0
1,真的是个沉重的话题我们这代人真不容易父辈的其实更不容易我要攒钱买车买房。。。,22,2,0,0,0,0,0,0,2,0
2,"回复上班中。不在现场也知道你很抢镜的啦。你不会在我们的观众席吧？！哈哈…《幸福广州仁爱妈妈大赛总决赛》马上就要开始啦，四位主持木子，天华，COCO ,！加油！！",52,3,0,0,0,0,0,0,1,2
2,每次看到他们的故事都忍不住泪流世上还是有点爱情的爱情故事他遇见她时，他36，她23，他陡生爱怜。她结婚时，他赶来并送给她一枚蝴蝶胸针，其实他的丈夫是他介绍的。63岁的她走了，他来看她最后一眼。她生前衣物慈善义卖活动87岁的他拄着拐杖，去买回了那枚胸针。他们第一次合作的电影叫《罗马假日》，她就是“公主”郝本，他是“世界绅士”派克。@ 常识围脖,115,6,1,0,0,0,1,0,6,0
0,请原谅我今晚去打扰你们两位谈情了。。。因为我实在系太寂寞了。。我实在顶5顺寂寞我先去找你们。。。雯雯姐夫有无觉得你地生活有我而变得更精彩啊？？？今晚笑死你地两个,57,3,3,0,1,0,2,0,3,0
3,"拜谢！内牛满面！对付挖土仔两招：1，种植八方喷射的忧郁菇用咖啡豆唤醒，外面加个南瓜壳保护。2，用两头喷的那个豌豆也行，必须也用南瓜围住。这些都是在挖土僵尸啃南瓜的时间里就可以将其击毙的宝贝。植物大战僵尸正式通关，不过quickplay 里面，survival 那栏目最后一关“endless "" ，始终过不去，苦恼中。挖地道那组流氓僵尸实在搞不定，奶奶个腿的汗流浃背中……",108,3,7,0,5,1,2,0,3,0
0,回复嗯啊，问同样的问题，但要有不同的思路尤其是女客户回房，是个挺费脑子的事客户回房是个重复又费脑子的工作，大家有没有一些小敲门？,43,0,0,0,0,0,0,0,0,0
1,我靠！不带这么玩的，大风居然刮来一只臭鞋垫？对面在摆灵堂，这雷电交加风雨哗哗的。要是再一停电。。。我一人在家咋办啊咋办啊,40,0,0,0,0,0,0,0,0,0
0,回复我今天又回到榜首了，只是同城会排名上对我进行了处理，让我粉丝数及排名都在榜眼位置。微博这玩意儿其实蛮机灵的有人要河蟹你，你要争口气，重登合肥微博榜首。偶看好你。手上事多，腾不出手来围脖，那些曾经倍受我勤奋围脖骚扰的围友们近来一定觉得清净了不少吧。哈哈哈！哈哈哈！哈哈哈哈！哈哈哈！,87,7,1,0,0,0,1,0,7,0
0,倘若将毛泽东视作列宁与斯大林的混合体，邓小平时代是个延长的赫鲁晓夫年代，此刻的中国是否像是另一个“停滞年代”，那个勃列日涅夫的年代？,37,0,1,0,1,0,0,0,0,0
2,家属情绪确实挺稳定，一直处于崩溃状态这张图片我真的哭了矿工兄弟们清明快乐？家属情绪稳定？,25,4,2,0,2,0,0,0,2,2
2,明天不要下雨出点太阳好麽 唔该~,11,0,0,0,0,0,0,0,0,0
3,人家承认了，我国政府是不是打算一如既往的高姿态顺坡下驴了呢？？？我拭目以待！菲警方首度承认开枪射杀香港游客。,29,1,1,0,1,0,0,0,1,0
3,成績 出來 了啊~ ~ 偏科超嚴 重的,15,0,0,0,0,0,0,0,0,0
0,自作聪明的人，不在少数，尤其现在社会中。自作聪明，反被聪明误；自以为是，必自作自受。不以为然，但相同的故事一直重复着。如果你的命足够长的话，就不难发现这是真理。这太有意思了哈哈，这个很有意思。。。过河,59,3,5,0,5,0,0,0,2,1
1,这地图是不错~ 一定要转！小鬼子给我滚蛋！希望各位爱国人士此信息！大家团结一心，誓要将小日本赶出钓鱼岛！百度地图推出标记功能钓鱼岛惊现百度地图,41,3,1,0,1,0,0,0,3,0
0,干脆所有人都别来了，中国说了算就是了。韩国不参加六方会谈没关系，我们派人代表韩国参加就是了，,26,1,0,0,0,0,0,0,1,1
1,暖暖的。。。我们顶着鼻子睡，就不做恶梦啦，睡吧，晚安。。。,23,0,0,0,0,0,0,0,0,0
3,"无语...狗是人类忠实的朋友，有的时候甚至比朋友更靠谱理查森，男，纽约。从1984年起连续五次投资失败。2007后彻底破产，妻离子散，朋友消遁，唯有一条名叫“JOOY ”的狗与其不离不弃，忠伴左右,陪理查森一同在纽约的风雨街头乞讨。从“JOOY ”安详恬静的睡姿中看得出它对主人的无限信任和依靠。有的人，在沧海变成桑田时，表现得还不如一条狗。",106,9,5,0,3,0,2,0,7,2
1,一早上电脑当机3次咧,7,0,0,0,0,0,0,0,0,0
0,"真不好意思,认错人了,以为你是他,名字真差不多,而且主页颜色好深,很容易看错的为毛俺休息时，有这么多人约采访啊？！",38,0,2,0,0,2,0,0,0,0
0,可爱的小娃娃～囧 死了～: 戒指戒指好闪这戒指你要不？: 當 年現 場 也是一樣 什麽 叫素?,39,1,0,0,0,0,0,0,1,0
0,再去一次呵呵这个不错！西安人，顶起来！如果现在还有视听说课，我一定给学生们看！-西安人,29,4,0,0,0,0,0,0,2,2
0,分享图片[长颈鹿但丁]站在岁月的岸边，和自己的过往打个水漂吧...,20,0,0,0,0,0,0,0,0,0
2,今天穿了那条柠檬裙子，呵呵昨晚她说好看，可是我看到照片里德怎么就觉得不好看呢，有人还说皮肤黑嘛健康啊，丫丫的我黑的都不认识我自己了，最主要也是破手机的像数低，我的腿还没那么黑呢,63,2,0,0,0,0,0,0,1,1
0,。20107.30。最后一场的惊喜。影子的爱情故事~ ~ 我的最爱好险拍下来了~ ~ 其中还有亮点~ ~ 不解释相机支持拍摄BY 某叮,42,3,0,0,0,0,0,0,2,1
0,凯尔特人昂首挺入总决赛，没有悬念,7,1,0,0,0,0,0,1,0,0
1,唔系啊~ 我畢 業 佢 就有網 球場 ~ ~ 我都想返去复读什么？有网球场？我回去复读。对说华联的网球场喔。。,43,0,0,0,0,0,0,0,0,0
0,"山木和那女的总之是一对狗男女!这种事情太多了,现实中我都认识一个山东老板,在上海公司这边叫来很多山东老家的人来上海自己公司工作,其中有一个女孩大概才21岁,是他朋友的女儿,我很难相信这种禽兽怎么可以把朋友对他的信任抛之脑后,做出这种禽兽不如的事,如哪位媒体朋友需要去深入了解,可联系我.女员工称遭山木集团总裁强奸并被拍裸照",102,6,3,0,3,0,0,0,6,0
0,回复精辟（反过来时屁精）“从正面看，是伟大的神（God ）；从反面看，是卑鄙小人（dog ）。其实，人们所犯的罪恶（evil ），反过来，正是为了活着（live ）。”——换个角度很多事情便不一样,64,4,3,0,3,0,0,0,4,0
0,香港電 台第二台《玩玩星期天》的小朋友實 在太犀利！,17,1,0,0,0,0,0,0,1,0
0,。眾 人齊 聚巴厘島,8,0,0,0,0,0,0,0,0,0
2,是啊，你们去凑啥热闹。来倒卖钻石的！【YMG 推荐】你们来干嘛？【南非直击】出机场，一队鬼佬在等车。我们好奇，问“你们从哪里来？”他们说“澳大利亚，来为国家队助威。”然后他们问“你们从哪来？”我们答“中国～”“哦......但你们来干嘛？！”他们问。——中国经营报韩曦晨（）,93,4,0,0,0,0,0,1,2,1
2,中国式福尔摩斯民工皮肤没这么好；工人东西没这么小；光棍射的没这么少；老人硬的没这么早，综合分析是领导,32,0,1,0,1,0,0,0,0,0
0,盒子真的好乖哦~ ~ ~,9,0,0,0,0,0,0,0,0,0
0,无敌小宝宝～我可以发20个小时的呆，最喜欢熊猫和考拉~ 无敌萌下辈子当只考拉，每天睡觉20个小时，吃2个小时，发呆2个小时，这就是人生啊！！！！有同感的请举手~ ~ ~,59,3,1,0,1,0,0,0,3,0
0,好嫩的葱~ ~ 甩~ 美送出去的葱MIKU MK -II ，某委托人就拍得比吾辈好啊==,34,0,0,0,0,0,0,0,0,0
3,很有压力【漫画】当别人1000%的信任你的时候，你却有0.0001%的能力，这是一种杯具。,26,1,0,0,0,0,0,0,1,0
0,永远搞不清楚鞋店到底损失多少钱？上期测试看来很难哇，评论的童鞋都米答对哦~ 正确答案：we are ordinary,31,0,1,0,1,0,0,0,0,0
0,精彩!猜猜她是谁?这是艺术家刘野画下的「 邓丽君」 ，明亮的色彩、圆圆的脸蛋乃刘野的作画风格。想欣赏更多刘野及国际级艺术家的真迹，如村上隆及岳敏君等，童鞋可到香港会议展览中心欣赏!展览由275-305，艺术迷不要错过!,64,6,0,0,0,0,0,0,6,0
0,神车示众NB ！保持镇静。成都书院街口。,12,3,0,0,0,0,0,1,1,1
3,可怜滴～～来JJ 家请你吃鱼～～～喵！谁来陪过个中秋节？,23,0,0,0,0,0,0,0,0,0
0,哇~ ~ 想不到老大酒量还不错嘛~ ~ 真的来者不惧吗?来者不拒。。。哈哈真的哦?woo MUSIC MAN 酒量不错啊！！改天俺们大伙来较量量较量如何！！wow !!!!!来者不拒！！据了解，王力宏的酒量也不小，不停地进出包房，与伙伴们频频碰杯，喝啤酒喝得满脸通红，对于来敬酒的工作人员，他也来者不拒，一饮而尽，期间还不时用英文跟大家热切交谈。】这小标题用的。。。“酒量惊人来者不拒”。。。,123,12,0,0,0,0,0,1,9,2
0,大家都来说句假。。。额。。实话！！~ 恩。木有错！冷兔就系那个纯洁又爱学习的好孩子呢！！乃们呢。来找属于自己的标签吧。。,46,3,0,0,0,0,0,0,3,0
0,喔唷 唷 哈哈哈噗捶地！噗！郭敬明乐什么？受成出事逃得了阿娇吗？阿娇出事逃得了冠希吗？冠希出事逃得了柏芝吗？柏芝出事逃得了霆峰吗？霆峰出事逃得了王菲吗？王菲出事逃得了亚鹏吗？亚鹏出事逃得了周迅吗？周迅出事逃得了王朔吗？王朔出事逃得了静蕾吗？静蕾出事逃得了韩寒吗？韩寒出事他还这么高兴？（转载）,96,1,0,0,0,0,0,0,0,1
0,搞笑装B 的最高境界。,8,2,0,0,0,0,0,0,2,0
1,这什么破学校啊？学校成为李刚家的帮凶，这样的学校算什么？揪出幕后黑手！,22,0,3,0,3,0,0,0,0,0
1,回复评委老师太坏了！鬼扯！还是周治平老师有点良知！！！！！！！！！巫启贤在说什么呢？刚才不是唱得挺好的嘛！今天回家有点晚没太进入状态看这模样今天是要保武艺？！果然高人气还是要保。。。,61,0,1,0,1,0,0,0,0,0
2,又第一啦也太准了这两天宅在家里也把钱花出去了摩羯 座。,21,0,0,0,0,0,0,0,0,0
3,我小学四年级的时候，那时搞民主选举，我父亲的人气绝对最高~ 结果一天上课的时候，来了俩公务猿让我在一张纸上写个名字，后来才知道，那上面的内容是变相诬陷他贿赂上级的~ 更让人感到意外的是，傻X 纪委居然拿那张纸作证据了~ 后来下一届的选举更惨，有个领导胳膊都被钢管打碎…从此对官场无限恐惧畘,94,3,5,0,4,1,0,0,3,0
1,又开始失眠了，无休止的...想起那句广告词：金好银好不如睡得好啊,18,1,1,0,1,0,0,0,1,0
0,)这是本年度最销魂的猫了！连小Baby 都受不了啦~,16,0,1,0,0,0,1,0,0,0
0,说真的，好羡慕你们哇，要不是要回家看爸爸妈妈，定是一起前往哇。……人生不如意，十之八九！让黄局受累啦~ ~ ~ ，又做地接又做导游的，呵呵呵，辛苦辛苦，明晚俺一定好好敬您几杯，不醉不归哈~ ~ ~ ~ 明天建议等人沿着酒店往西：五四广场音乐广场八大关三浴中山公园汇泉广场鲁迅公园（电视观光塔）青岛海底世界海军博物馆栈桥这些景点在一条路上，31316路车可一路看完这些景点。其他酒店往东不远的东海路上有奥帆基地极地海洋世界还有湛山寺。后天去崂山或者北九水,134,3,1,0,1,0,0,0,2,1
0,放个假也搞得这样乱！杯具。收藏性。相当的形象这个嘛应该是中秋以及国庆放假最形象的一个时间表啦~ ~ ~,35,0,0,0,0,0,0,0,0,0
3,妈呀，把我吓一跳！七刀！死的一点都不唯美。。BS 。。表拍我~ 遁！你虐死吧洛熙片场自杀截图~ ！偶可怜的洛洛~ ！,44,0,1,0,1,0,0,0,0,0
2,为香港的伤员们祈福，上帝与你们同在。看着直播，全家人的心情都遭到了极点……God bless you .,32,0,1,0,0,0,1,0,0,0
3,看来咱“五毒俱全”啊！1.极度缺乏体育锻炼；2.有病不求医；3.缺乏主动体检；4.不吃早餐；5.与家人缺少交流；6.长时间处在空调环境中；7.久坐不动；8.不能保证睡眠时间；9.三餐无规律；10.一天到晚都在织围脖。,71,1,2,0,2,0,0,0,1,0
0,大家留意34秒在中好似僵尸啊还是五个人好点还是日韩风好点,16,0,0,0,0,0,0,0,0,0
1,怎么这么难看了？“无论他是怎样的状态，我都爱布拉德的全部。”(by 安吉丽娜-朱莉),28,0,1,0,1,0,0,0,0,0
2,昨天又看了遍《人工智能》。。太感人了我本来不爱哭的人。看到最后大卫走到他妈妈（莫妮卡）面前，静静的看着妈妈醒来，然后深情的说了一句话“喝咖啡吗？”“OK ”~ 看到这心都碎了。当然了，裘德·洛演的也很好~ ~,73,2,0,0,0,0,0,0,2,0
0,新浪未来的首席美女主播俺刚刚四个多月的闺女还不会说话，但显然已经能够听懂一些简单的语言。对她端起相机说“小茉莉笑一笑”，她通常都会笑；不拿相机她一般会无动于衷。真是太神奇了！,56,1,1,0,1,0,0,1,0,0
2,校草你太可爱了~ 大卫贝贝爆粗了，我的心都碎了~ 那不是我的英格兰无语！！,29,1,1,0,1,0,0,0,1,0
2,不相信都是常态，相信才是病态；相信是因为头脑简单，特容易上当,19,3,1,0,1,0,0,0,3,0
3,月金冥合天蝎啊……我被震慑了,10,0,1,0,0,1,0,0,0,0
0,你知道几个来过中国的国外摄影大师？快快拿出来晒一晒吧布列松、罗伯特?卡帕、马克吕布当然除外,27,1,0,0,0,0,0,0,1,0
0,取缔这两个字真传神啊今天服务器出了故障，让大家久等了。分享一张扫描图片，看图不说话,26,1,0,0,0,0,0,0,1,0
2,回复现在哪儿还有孩子们玩的空地？不是盖楼，就是停车了，偶尔有小块闲地，圈起来就收费。玩过啊~ ~ 不过现在的小孩好像都没有这些了，都是玩些电子产品亲切【童趣】滚铁环。你见过吗？,57,1,2,0,2,0,0,0,1,0
0,额，原来是没单人旁儿的，偶打错了@ 杜子健,14,1,0,0,0,0,0,1,0,0
0,已收到小浪剪影本，挺有意思的，来晒晒,12,0,0,0,0,0,0,0,0,0
1,"回复一不认爹,二不认娘三还在骂共产党.说你不是人,你偏说是畜生.真奈何也!这只果然是畜生。快快看看畜生党的！你是什么人,这么乱说.“降级安排，控制使用，就地消化，逐步淘汰。”这个批示当时只发给了几个大区的负责人。",74,0,4,0,4,0,0,0,0,0
3,因为想我了怎么一大早上起来手是肿的脸也是肿的呢……,19,1,0,0,0,0,0,0,0,1
0,回复成都商报的标题有到位：艳光即寒光老杨，换个心态欣赏土耳其美女也是不错滴嘛看现在女排，揪心。她们在场气喘吁吁，怎么能够打球，一个彻底的三流球队。加上呆若木鸡的教练，没得胜利可盼。再见中国女排！,56,3,2,0,1,0,1,0,3,0
0,一个人的时候喜欢傻傻的发呆；一个人的时候喜欢暗自流泪；一个人的时候喜欢听着让人心动的音乐；一个人的时候喜欢推开窗，遥望那轮明月；一个人的时候喜欢自己跳舞；一个人的时候喜欢胡思乱想；一个人的时候喜欢数着夜空无数繁星；一个人的时候喜欢等待流星的滑落……,76,10,2,0,2,0,0,0,10,0
0,所有的爱和同情，都是神的美意。神是无限开放的，很多人因为自己狭窄，把神也理解狭窄了。那些以信仰的名义诋毁佛教，伊斯兰教的人，是不认识神。在这个问题上，释迦穆尼走在了很多人的前面，他清楚地知道自己不是神，他一直在靠着他自己的力量来行公义，修悲悯 。,84,2,5,0,4,0,1,0,2,0
1,回复喜欢手起刀落砍一个给我们老百姓看看哈！他也挺可怜的，你以为他想贪啊？那个环境里，不贪就是傻子。天津市委原常委皮黔生因受贿等一审被判死缓2010年08月13日10:54。又是死缓。能不能来一个不死缓的呀！,66,1,2,0,2,0,0,0,1,0
3,想起我们家的猫咪，对不起，我没读懂你……,14,0,1,0,0,0,1,0,0,0
1,！！！！！！！在这个初冬的季节，大家一起温暖一下！好温馨哦！这是一部来自台湾的动画作品，故事讲述的是一位小女孩因为被抢劫而走到了一条陌生的道路，在穿过篱笆后面的世界，展开了一场大冒险。这部片子在Youtube 上面的点击量已经超过了45万次，在雅虎日本的排名也一度蹿到第一，是什么让这部片子获得如此巨大的好评？,96,4,1,0,1,0,0,0,3,1
0,这阵子要求萌每天早餐喝一杯牛奶，吃一个鸡蛋再去幼儿园，，可萌萌总是难做到，，婆婆苦口婆心做其思想工作，“你看你叔叔小时候就是每天牛奶煮鸡蛋，现在长得多高多壮”，萌回答：“那他还不是不能当哥哥”婆婆,60,0,1,0,1,0,0,0,0,0
3,这两天颈椎又开始疼了。。。哎~,12,0,0,0,0,0,0,0,0,0
0,表示不是我发的广告耶耶耶！八过小美人那天没事就往二三楼庚饭那儿瞅着笑着，表示在一层的我很桑感--: : 笑的贼美好: 笑得真幸福: ^ _ ^,50,1,1,0,1,0,0,0,1,0
0,噗~ 井哥你也太狠了！华仔都被你吓哭了~ 你明天必须吃其实昨天那块月饼是一块翡 做成的。你们猜对了么？lalala,40,3,0,0,0,0,0,0,2,1
1,咋回事呢？过节就过节嘛！非要我们一起凑热闹！,15,0,0,0,0,0,0,0,0,0
0,Haha !問 世奸情是何物？問 世姦 情是何物？,17,0,0,0,0,0,0,0,0,0
0,# 中国票务在线大麦网发布会现场视频珊珊来迟，这是签票+歌迷送礼物的环节，成都君暂且把这段和大家分享一下~ ~ ~ 大麦网祝陈楚生成都演唱会票房大卖~ ~ 订票热线：4006103721。时间不多了，赶快抢票吧！！！,62,0,1,0,1,0,0,0,0,0
0,哇..这是你阿模仿的很敬业,10,0,0,0,0,0,0,0,0,0
1,我在发霉，生锈，出故障。哪个来找我玩一玩嘛,15,0,0,0,0,0,0,0,0,0
0,非哥说，所有女嘉宾我都看过素颜，为了不在节目里精神分裂，所以把机会都留给乐嘉老师了！向提问：非哥，在这么多非诚美女中，你究竟有没有一见动心的，如果有，可以说是谁吗？,55,2,0,0,0,0,0,0,2,0
1,被HX ~ ~ ~ 。我们的人民日报！我看图，不说话！,20,0,0,0,0,0,0,0,0,0
0,小半年前就入手美版的了，玩到现在也没啥新鲜感了！想周五排队买iPad ，可惜手里没钱。,29,0,1,0,0,0,1,0,0,0
0,很诡异哎。《小团圆》,8,1,0,0,0,0,0,0,0,1
0,哦～老大的小蛮腰～昨天还有李威在昂好单薄啊，老林轉 發 微博。星期六晚上.A night to remember .Good times !!,41,1,1,0,1,0,0,0,1,0
1,放我半天假若未太清醒再放半天假.....,10,0,0,0,0,0,0,0,0,0
0,今天真是个好日子哈` 帐号没问题了` Vava 开围脖了`,19,1,0,0,0,0,0,0,1,0
0,保罗的兄弟,3,0,0,0,0,0,0,0,0,0
0,“给我讲个悲剧吧？”“男人结扎完，妻子流产了。”“有没有更悲剧的？”“男人结扎完，妻子怀孕了。”[转],38,0,2,0,0,0,2,0,0,0
0,哎呦..真好..哎呦喂。。我是你老婆油菜，这个太油菜了介真是传说中的P 动图~ ~ 哈哈哈庚澈 饭都是油菜花~ 做的真好呢~,47,0,0,0,0,0,0,0,0,0
0,笑嘿嘿: 兄弟们，看到时候慢点喷刘产、赖月京（还是个男的）、范剑、姬从良、范统、夏建仁、朱逸群、秦寿生（亏他父母想得出）庞光、杜琦燕、魏生津、矫厚根、沈京兵、杜子腾。排名第一的：史珍香。,59,2,0,0,0,0,0,0,2,0
2,猜出来了说明智商超过学龄前么这个，我太纠结了辛辛苦苦学N 年一测回到解放前！学龄测试题，我居然没过，这么简单的答案，你猜出来了吗？好吧，我承认我了...,48,0,0,0,0,0,0,0,0,0
0,又系一个子时过半，，室长室长，我地又去睡觉。。maksim 帅锅，高压锅，，爷要亲睹你风采吖 ~ ！！明天多穿衫，继续踩我的170上课！,45,1,0,0,0,0,0,0,1,0
1,相同的愿望啊…家里多了书架就非常开心，书看不看倒其次了，我这样不行的想要书架，大书架，能堆N 多N 多书的超大型书架，将来能开个图书馆多好TvT,46,3,2,0,1,0,1,0,1,2
0,降血压、祛痘 痘 、治皮肤病、减肥、明目。曲池穴是治疗神志病有特效的“十三鬼穴”之一。有降血压的功效，也是一切皮肤病的首选穴，是祛除脸上疙瘩的好药。曲池穴还是一个排毒穴，因此同时它还有减肥的功效。把胳膊弯曲，肘横纹这条细缝靠近肘尖的部位就是曲池穴。平时可多按揉这个穴位也能明目,90,2,1,0,1,0,0,0,2,0
0,那咋办？去领导办公室请病假，结果发现领导今天请病假没来。,18,0,0,0,0,0,0,0,0,0
0,哈哈哈你负责给她们拍写真李總 ！你們 也發 ?: 太强了。看人家记者节发这么漂亮的工作服: 美女们，今天郁闷不？明天集团健身操比赛！要6点起床，该睡觉了！明天加油哦大家，加油哦时代传媒！,62,3,0,0,0,0,0,0,3,0
0,。(来自: )好長 的腳 -金賢 重,15,0,0,0,0,0,0,0,0,0
0,曼秀雷敦洗面奶一支~ ~ 快来疯狂参与吧有奖活动隆重开始！！携手推出有奖活动，cross 洞洞鞋劲爆降价~ ~ 亲们快来疯抢吧~ ~ 快来疯狂参与吧~ ~,51,1,2,0,2,0,0,0,1,0
0,芒果小精灵评选决赛和芒果形象大使评选决赛----如果网络投票，芒果小精灵----罗玉凤，芒果形象大使---赵本山，保证高票数当选的。芒果小精灵飞舞人间，阳光攀枝花，欢乐金芒果。２０１０攀枝花金芒果节将于８月２０日－２２日在攀枝花仁和区举行。２０１０攀枝花金芒果节活动众多，其中最有意思的当属芒果小精灵评选决赛和芒果形象大使评选决赛，届时将通过精彩的角逐评选出芒果小精灵和芒果形象大使。,114,4,0,0,0,0,0,0,1,3
0,有深度薇薇讲话总这这么富有哲理！学习向学习“我觉得任何任何痛苦真的都是一种财富，而且任何的挫折，所有所有反的东西它都有正的东西。但是我觉得有脑子的人就能够看到，或者是乐观的人就能够还继续向前，但悲观的人就永远记着那东西，然后也看不到它反面给你带来的一些好处”——BY @ 赵薇,94,4,1,0,0,0,1,0,3,1
3,乖孩子~ ~ ~ ~ ~ “港仔，别怕。有NINI 在”,21,0,0,0,0,0,0,0,0,0
0,不要吃我的鼻子,5,0,0,0,0,0,0,0,0,0
1,请看修文也来了我也想买一双,11,0,0,0,0,0,0,0,0,0
1,[有图有真相]北京德云社关于停演内查的重要通知-20100807：北京德云社特决定自2010年8月9日（周一）起暂停所有小剧场（北京德云社剧场、德云社三里屯剧场、张一元天桥茶馆、广德楼剧场）的常规演出，按照讲话精神开展深入自查，进行内部整改。,66,5,0,0,0,0,0,0,2,3
0,中秋国庆加,3,0,0,0,0,0,0,0,0,0
0,强排！的《拥抱》和《我没那么帅》！从2009年冬天一直红到现在！经常在各个卖场和快餐店听到！马上到年底了，如果评选2010年华语10大中文金曲，大家会选哪位歌手的哪首歌啊？！,55,1,0,0,0,0,0,0,1,0
3,小便1毛，大便2毛，老师免费。厕所管理员承认学生上厕所收费。她说，这是校领导允许收费的，另外还给她发工资。,33,0,0,0,0,0,0,0,0,0
0,在院子里面遇到小松鼠，互致GOOD AFTERNOON !!,14,0,0,0,0,0,0,0,0,0
0,估計 。。聽 日起長 城又要封微博一周了~,15,0,0,0,0,0,0,0,0,0
3,除诗歌外问题不限。话说有一次我们模拟考试的时候，作为要求忘记写这条了，我就钻了个空子。结果被老师骂了一顿！现在想想都冤得慌2010四川高考作文题：一个点可以构成一条线，可以构成一个平面，最后构成立体！请据此自拟题目，写一篇不少于800字的文章。2010年广东高考作文题《与你为邻》2010江苏高考作文题《绿色生活》。800字以内，除诗歌外文体不限。,106,1,0,0,0,0,0,0,1,0
3,这张照片实在太囧 了捂面，一直拖后腿，以至于脸皮都厚了！我有罪~ ~ 我又拖了全国人民平均工资的后腿~ ~,36,1,1,0,1,0,0,0,1,0
0,监狱与公司之比较(via @ 高乃翁),13,0,0,0,0,0,0,0,0,0
0,charming charming ！！big love ~ ~ 我也最爱这个盗梦空间的亮点之一！,25,0,0,0,0,0,0,0,0,0
2,雪红果吃多了（其实就是一种和糖葫芦差不多的东西），有点儿想吐。小贝，我深刻的感受到你的难受，可惜我没有嫂子带我去医院。,38,3,2,0,1,0,2,0,3,0
0,回复历史证明！呵呵！这可不一定！尤文和国米比还是差一点！现在有消息称，巴塞罗那射手伊布拉希莫维奇有希望回到他在06年电话门之后离开的尤文图斯。都灵体育报说，新总裁阿涅利已经准备好了收回伊布，因为有传言说巴塞罗那要卖掉伊布好腾出薪金空间签约比利亚，虽然伊布的经纪人在周五否认了这一说法。,82,3,1,0,0,0,1,0,2,1
1,金牛座的优缺点！！！十二星座之最（罪）@ 金牛座——最倔强、最任性、最顽固、最贪心、最呆板、最懒散、最不知变通、最不擅言辞、最不易改变第一眼的印象，其他还有慢郎中、视钱如命、欠钱不还、面包比爱情重要等之最（罪）。,75,3,7,0,7,0,0,0,3,0
0,这料太淫荡了，好邪恶的乳交包（via lishuhang ）,16,0,2,0,2,0,0,0,0,0
0,偶要和你一起去云南我一定要去云南，十二星座的艳遇之旅贵州。,19,1,0,0,0,0,0,0,1,0
0,咋咱中国又会有这样的人大代表？我看，首先得在人大代表中剔除一些下脚料！这人大代表简直NC 北京要建“纯洁的”精英社会？曾有人大代表提出提案，要提高北京的准入门槛，非大专学历者不可入京工作。当年白居易想到京城来混的时候，也得到过这么一句“京城居、大不易”，幸好那时候没有大专学历一说，而白居易的诗文还是能感动有点文化的人，倒也在当时的京城插了一脚。,106,3,1,0,1,0,0,0,3,0
0,。。。。。,5,0,0,0,0,0,0,0,0,0
0,也不是谁都会说的。也对，只有下了蛋的鸡才会叫嘛！不想再去看那一张张虚假的面孔，恶心。我从前是什么样，今后还会是什么样，何必为你们改变自己，我就应该是我自己啊！既然你们没有拿我当回事，我也没很必要把你们放在眼里！加油吧！我自己！,81,1,3,0,3,0,0,0,1,0
0,有才、、大学新生如何表达对教官的不满。。。。（分享）,19,1,1,0,1,0,0,0,1,0
0,啊啊，还是夫君和团里的姐妹对我好！啊啊，呼叫浅浅～速来围观！分享俺6岁图片,27,0,0,0,0,0,0,0,0,0
0,滾 石三十！彩排中！要來 哦！,12,0,0,0,0,0,0,0,0,0
0,哈哈·360VS qq ～超人出现了对说：你家的SM 绞杀QQ,19,2,2,0,1,1,0,0,1,1
1,说的跟你不穿着阿根廷队服踢球一样～～～～请不要亵渎阿根廷队服！这一刻，芙蓉姐姐在凤姐身上灵魂附体了！,31,0,1,0,1,0,0,0,0,0
0,曼曼姐当螃蟹要注意走时准确哦，红人可不能迟到，忘记时间的啦客人走了醋君对我说“你红了”我说“恩我是螃蟹我红了”,41,1,1,0,1,0,0,0,1,0
2,今天再不開 工真的來 不及了無 奈的打開 PS 一片空白。。。,22,0,1,0,1,0,0,0,0,0
0,回复师兄看大趋势，我们来推敲一下，如果按照债务危机、楼市、银行之后续困境。那么后续很多年股市都应该没有什么大行情！是不是现在这波小趋势我们伞兵也应该象银行一样进去股市里融融资，以备荒年呢！“美航母进入黄海意义不大！”,65,2,2,0,1,0,1,0,2,0
0,夢 想的堅 持，真的可以實 現 。。。早睡，真的會 早起，望見 美麗 的早晨，很有感?,32,0,0,0,0,0,0,0,0,0
0,好有一天，我遇到了你，于是，世上便有了爱。,17,0,0,0,0,0,0,0,0,0
3,让考试的暴风雨来的更猛烈吧!,10,0,1,0,0,1,0,0,0,0
0,回复原来这些人真的骑驴技穷，用自己观点去攻击别人，问题是蝴蝶奶奶不怕老哈哈，你这是跟我学的，别人说我什么，我就说，我不是你妈，我咋样与你何干？我不是你妈，你管我年龄干什么；还有人说我头像不是真身，虽然是真身，也不必为你验证，连微博小秘书都不管，你急啥？有人说，我拉黑你！我看了看，20多个粉丝的ID ，我不可能去你那里留言，也没关注你，你拉不拉与我何干？有人过分看重自己的感觉，其实别人不在乎你怎么想,135,5,5,0,5,0,0,1,3,1
0,伦宝真的好累~ Hitfm 全天访问~ 伦伦说曾经有一次关手机玩失踪！全公司都找不到~ ~ 自己所在录音室睡大觉。。。想说这个公司怎么能让我这么累！,48,0,1,0,0,1,0,0,0,0
0,。刚看到消息，说《阿加莎·克里斯蒂的秘密笔记》下个月出中文版，厚达500多页。该书是阿加莎的研究专家约翰·柯伦用了4年时间从阿加莎的73本笔记本中整理出来的，书中有不少手稿图录，还收录了两部从未发表的波洛探案作品。,62,1,1,0,0,0,1,0,1,0
2,感谢国家身份证重号这也可以……我靠。。。身份证重号。。。这也可以。。。【中国百万人身份证重号换号成本达千元】从未见过毒品是啥样的陕西人崔先生，因跟毒贩的身份证号码重号，6月初到河南出差时，刚住进酒店就被警方带走。类似身份证重号引发的离奇事件早已屡见不鲜。据统计，目前全国有至少100万人身份证号重复。,93,1,3,0,3,0,0,0,1,0
1,讨厌指手划脚、指脚划手的,6,0,2,0,2,0,0,0,0,0
0,还是英雄气短啊，这不，晋永同学的围脖上博士后没了，变为博士前啦！「 英雄儿女」 中王成式英雄，高喊＂ 向我开炮＂ ！，却忘了自己只是充了气而已，绝非钢铁之躯！晋永之勇，也将是一句成语，形容那些明知自己很脆弱而要逞勇发飚的行为。这是一种什么样的精神？他为什么会这么做？,87,3,1,0,1,0,0,0,2,1
0,偶前世扭断脖子、把肩膀都蹭破了的人在那里？不要和女人讲道理，尤其是生气的女人。1、要懂得珍惜守护，身边每个人，因为前世扭断脖子的回眸，我们才换来了今生的相遇！2、不要和女人讲道理，尤其是生气的女人。3、你不尊重我，我尊重你，你还不尊重我，我依旧尊重你。你再不尊重我，我就废了你。4、感谢我的鼻子，即使塌，也让我可以呼吸新鲜空气。,117,7,2,0,2,0,0,0,7,0
0,给你稳角度动作分析～我第一次看预告里这块儿的时候，就没看明白，他怎么一转身再转回来就拿在手里了~ ~ 韩庚静距离SHOW ~ ~ ！意外话筒掉了迅速临场反应！！这段很完整，就是视频歪的。。。对不住大家可以动动脖子神马的有益健康[嘻]存这韩庚临场反应~ 为三岁再次鼓掌！！,91,2,1,0,0,0,1,0,2,0
0,"赞一个！靠谱！"" 珂兰钻石"" 全球人民一致认为很"" 靠谱"" ！我是个说话靠谱的人,有图有真相——不是有钱淫,但是爱红尘,美丽钻石梦,珂兰帮我赢...我的靠谱体：我靠谱的努力活着,希望得到一颗靠谱的也许将来有一天,我会把它戴在一个靠谱的手上,然后和这个手的主人共度一生见证",98,2,1,0,1,0,0,0,2,0
2,我学故我在。羡慕可以，嫉妒恨要不得滴。霍刚学会一词就用上了行~ 绝对公正的排名！！狮子面对天蝎是多么的悲催啊我多纯朴善良啊嫩么就诡计了偏见绝对的偏见不懂使诈。今天你邪恶了吗？,61,4,6,0,6,0,0,0,4,0
0,别以为你把粥放在玻璃杯里就可以叫周立波！别以为吃了几只大闸蟹，你就可以横着走！别以为蹦极玩熟了，你就可以不用绳子！别以为知道江主席；认识胡主席，你就可以和我掏浆糊！,50,0,0,0,0,0,0,0,0,0
2,还是喜欢自己的地盘。这个是肯定的。问题是哀其不幸，怒其不争啊。。怎么办！！虽然在围脖上抨击国家的黑暗面，但打心底还是希望咱们国家健康强大起来！我现在终于明白了，其实当初我一点都不想离开中国，觉得在北京生活挺好的，可我妈死活非逼我出国，而且死活让着我呆在国外不要回来，每次我给家里打电话她都死活叫我不要想家，不要回国……,106,7,2,0,1,0,1,0,6,1
0,啊tony N 同学好帅好帅。和Nicholas Hoult 新片拍摄花絮。,18,1,0,0,0,0,0,0,1,0
2,[西式早餐]金枪鱼玉米奶酪全麦PIZZA -看来西式我还是包吃不包做好了，因为嘛，没那手艺啊...,27,0,0,0,0,0,0,0,0,0
0,去非诚勿扰的男人都是找不到女人的现实就这样说得很有道理~ 学生作业说实话我觉得这广告做的真不赖就是衰在长了点。提醒女人看看阿！,42,1,0,0,0,0,0,0,1,0
0,老公…你啊…好Q 啊此狗的主人被公安局抓去6次。太像国宝啦！,23,1,0,0,0,0,0,0,1,0
1,张斌？？？就是有外遇的那个吗？？？就是外遇大闹央视的那个吗？？？他就对得起祖国啦？？？SB ！！！正常人在那地方是呆不下去的，所以可见剩下的都…。“你奋斗了20多年，参加了四届奥运会，而只获得了一枚铜牌，你觉得你有愧祖国吗？”大傻逼！,84,3,3,0,2,0,1,0,1,2
2,死了，我剛 才拿出一只新杯子，沒 洗就直接倒了牛奶喝，會 不會 吃壞 肚子啊。。。。。,34,0,0,0,0,0,0,0,0,0
0,今晚学校外语专业举行专业干部换届竞选活动，26名候选人中我们班占了8人，队伍还是庞大滴，呵呵。虽然没有整场竞选看完，但我还是看完了自己班的学生演讲。不管结果如何，我会一直支持你们，以你们为荣，相信这样的经历也能让你们成长不少，加油吧，孩子们！,77,3,0,0,0,0,0,0,2,1
0,真是拉动内需~ ~ ~ 哈哈哈~ ~ 。太神奇了截止到现在居然已经来了10多桌玉米（晚上已有很多在预定中），应该都打折了吧（玉米们记得暗号噢）可惜小伙子今天休息，3楼有场婚礼所以包5也没能对玉米们开放。应玉米们的要求把李宇春的签名贴上，个人觉得飘逸而洒脱，一如其人,87,3,1,0,0,0,1,1,2,0
3,轉 發 微博。再来一张N 的特写，看到S 时的表情,20,0,0,0,0,0,0,0,0,0
2,"王力宏：你看，就是不一样！D700 净系想听下你意见准备入门，D3100 好还是D450 好还是A390 呢？今天绝不外出...认真把资料做好....我志愿,我成就...怎么学那BT 的话来呢????)撞鬼lu ....",64,2,0,0,0,0,0,0,2,0
0,我十个，原来我外婆说十个要中状元的，但是……0.0.0.0.0.0.。。。零个呢？把官做咩？现代科学证实了掌纹与某些基因病的联系。当年遗传学的实验课上我还为了写实验报告按了俩大掌印，对簸箕和斗作了深刻分析。。。开当铺...> ' ' < “一斗穷二斗富，三斗四斗卖豆腐，五斗六斗开当铺，七斗八斗把官做，九斗十斗享清福。”【转】围脖们，快来斗富呗！,118,3,0,0,0,0,0,1,2,0
3,这两天咳嗽不想吃饭，吃了两天米粉了！,12,0,0,0,0,0,0,0,0,0
1,人善被人骑，马善被人欺！不要怀疑，我就是这个意思,17,0,1,0,1,0,0,0,0,0
0,"# one day ,one F # cherry",14,0,0,0,0,0,0,0,0,0
0,大家一起走过才知道艰辛。以后会好的。在路途中肯定会遇到不堪的场面，但是坚定自己的最初就好。风吹雨打才能更坚强！辛苦了。一起经历过，感情才最真挚，我们是一家人一切尽在不言中没什么好说今天的场内“游击战”虽然很辛苦。但是大家都以特殊的暗号来尽力凑到一起。面对保安各种围追堵截，还有别的歌迷的不满，甚至有人拿荧光棒桶我们。。敲我们脑袋。这些都算得了甚么？为林俊杰值了!还是我的那句话，有本事你拿刀子捅我？但是更多的人给予我们以及FEDERATION 的肯定。我今晚注定失眠,141,7,5,0,3,0,2,0,7,0
2,升主管，这可不是什么好事，照目前情况看，她只管我一个，这不是要我命吗！,24,1,2,0,2,0,0,0,1,1
3,让我想起了电影《忠犬八公的故事》狗狗真煽 情好感人~ ~ 【衔包送行】送君千里终须一别！[转],34,0,0,0,0,0,0,0,0,0
0,尚雯婕小芝麻好棒！牛逼啊！！！我们多多是不是这小姑娘就红了？？这小歌迷有点像雯婕 出道前，外文比较牛，学唱也很棒，有潜力丶 有才！的小歌迷很有才！大方、嗓音不错！【I love it ，了得！】关于尚雯婕的演讲,72,3,0,0,0,0,0,0,3,0
0,搭一个猩猩的长手掌掩口，想必是绝配凤姐最近走的比较累，上班提神专用图。。。(via 胸口碎大石),32,0,0,0,0,0,0,0,0,0
0,嘿嘿，砖家永远不多当富士康给员工加30%工资时，有学者说，富士康的利润已经全加上了，没有了。没几天，富士康再加60%，按学者的说法，那就是富士康到银行借钱给员工加薪了。大家网上查查都有哪些学者吧。继2日该集团宣布基层员工薪资自900元调升至1200元之后，时隔4天之后，富士康再次宣布加薪。一些分析人士表示，富士康再次加薪将改善员工生活状态，增强对人才的吸引力。不过，此举将加大其人工成本。,114,2,1,0,1,0,0,0,1,1
3,一个帅锅。。。就这样残了。。。hl .....黄灏锋！！！你的未来！！！！黄灏锋！！！你的未来！！！！『热对比』《越狱》前，《越狱》后……米勒啊，你怎么成这样了,60,0,0,0,0,0,0,0,0,0
0,等纸书?摸校长的小脑袋~ 《师父》改名《燕归来熙》于《花火》杂志10A 开始连载，纸书年内上市，想要收藏的童鞋们可以开动了哟,42,1,0,0,0,0,0,0,1,0
0,超巨大的MILO 與 NIGO 先生!!!,13,1,0,0,0,0,0,0,1,0
0,这给不同人种的形成提供了研究素材，也更加证明了全人类是一家，你中有我，我中有你【爆料】据英国媒体报道，近日在英国伦敦东部的伍尔维奇，一对尼日利亚黑人夫妇喜得他们的第三个孩子。让所有人意外的是，这个新生女婴居然是典型的白种人，长着漂亮的蓝眼睛和卷发。牛津大学人类遗传学教授表示，基因突变是一个可能的解释。,83,2,0,0,0,0,0,0,2,0
3,。喝水之后的包子脸==还用这么萌的眼神和姿势,16,0,1,0,1,0,0,0,0,0
0,少爷每次跌倒都好可爱，这集还没看··飘去看~ ~ 娱乐百分百20101028小猪跌倒啦,25,3,0,0,0,0,0,0,2,1
3,猫咪悄悄地一步步逼近猎物，就要成功的时候小鸟飞走了，注意此时猫咪的反应【gif 】,23,1,0,0,0,0,0,0,0,1
0,天后局哦嗷 嗷嗷太河蟹了哦挺面熟的牌局,14,0,1,0,0,0,1,0,0,0
3,狼狈为奸没有房地产就没有新中国，没有房地产就没有新中国。房地产，它辛劳占耕地；房地产，它一心谋暴利。房地产它忽悠就能活;房地产它一心救中国它指给了富豪圈钱的门路，它引导政府走向豪奢。它坚持了疯涨八年多，它改善了官员的生活；它构建了升官GDP ，它收取了税费好处多。,83,3,3,0,3,0,0,0,2,1
3,今年的婚纱生意肯定要差了！但愿不是;中国以后永远没有春天了今年，中国，没有春天！,25,1,1,0,1,0,0,0,1,0
0,分享图片这是大王刚刚出场想fans 们打招呼我站在fung 牌后面有幸捕捉到了这一瞬间,23,0,0,0,0,0,0,0,0,0
0,我喜欢~ 教你说多国语言中“我爱你”的说法呀!!!西班牙TE AMO 跟意大利TI AMO 看来果然有一腿..神圣罗马君你到底在固执什么啊啊啊!!!,46,1,1,0,1,0,0,0,1,0
0,长春恒大开盘小春讲话,5,0,0,0,0,0,0,0,0,0
2,深妈你还不滚去碎觉！！继续让人shi ~ ╮ (╯ _ ╰ )╭ 求第一排的毛线帽。。为毛我在淘宝没找到,41,0,0,0,0,0,0,0,0,0
3,戏剧排练终于结束了。。很累。可惜我的表现并不好。。,17,0,2,0,1,0,1,0,0,0
0,国货呃，敬业的香港名牌同学第一时间并说明了晚到的理由，这货是从新加坡到香港再寄到内地的……因为该同学以往的信誉所以我相信他的陈述，但是同学们，同学们哪，来看看这个穿越国境太空凝胶毛油压力的稀罕枕头……Made in China ……捶地，我想起来一个笑话，140字写不下，不过大家都知道。国货V5 ~ ~ ~,98,3,2,0,2,0,0,0,2,1
1,什么狗屁工会！原文--“黄帽子”？？,13,0,1,0,1,0,0,0,0,0
0,官网变得好漂亮~ ！！官网图全部更新能挖的快去,17,1,0,0,0,0,0,0,1,0
1,小水管啊你慢慢的流,7,0,0,0,0,0,0,0,0,0
0,回覆喜歡 ，特喜歡 。。,8,0,0,0,0,0,0,0,0,0
0,太可爱啦佢 ！杯具版吉娃娃狗狗越狱,11,1,0,0,0,0,0,0,1,0
0,昨晚黄家最高领导人91,5,1,0,0,0,0,0,0,1,0
3,！悲痛唐山！唐山！——34年前的今天，北京时间3时42分53.11秒，唐山发生里氏7.8级大地震，造成242769人死亡，16万人重伤。,39,0,1,0,0,0,1,0,0,0
2,农行上市应无限期推迟农行是四大国有银行中最差、最烂的银行，其上万亿的不良资产完全靠政策才得以剥离；农行的经营能力与经营业绩还没有得到市场检验，现在就把其推向市场是把包袱甩给市场；农行上市的主要目的是“圈钱”而不是给市场提供一个优质企业，其上市之日很可能是股市暴跌之时。,81,2,2,0,2,0,0,0,2,0
1,。文涛拍案】凤凰网详细解读一家被政府强拆、自焚、截访、抢尸等等悲惨遭遇。——不双规江西宜黄县主要官员“二建国一敏军”，天理难容！请博友接力转！,40,1,1,0,1,0,0,0,1,0
1,下岗工人感谢他八辈子祖宗！怎样才能根治腐败？1、建立防治腐败的法律体系。2、加强法律道德意识教育。3、强化各级监督机制。4、运用有力高效的反腐败机构体制。5、党中央反腐败的政治决心。6、具有打击、预防的反腐败战略。7、要有摧毁腐败的铁腕手段。8、人民群众的强有力支持。,79,7,4,0,1,1,2,0,7,0
2,要我今天打电话联系她，可是她的电话却停机了。。。。,18,0,0,0,0,0,0,0,0,0
0,帅气的机器狗变形金刚USB ，什么叫做无敌！哈哈，看看就知道啦！,19,3,0,0,0,0,0,0,2,1
0,下班，回家啦！,5,0,0,0,0,0,0,0,0,0
1,额。日，转。这么发消息，以后央视3别干了: 转一个~ 【现场图】猛料！四川成都东三环十陵立交附近发生爆炸。这个世界太疯狂。刚刚朋友说，成都东三环发生了一起大巴爆炸事件。,50,1,1,0,1,0,0,0,1,0
