3/24/10,167.8,lbs,15,%,withings
3/26/10,166.4,lbs,16.5,%,withings
3/30/10,168,lbs,16.9,%,withings
4/6/10,170.2,lbs,16.9,%,withings
4/14/10,164.9,lbs,,,withings
4/28/10,168,lbs,,,withings
5/13/10,167.3,lbs,,,withings
5/15/10,166.7,lbs,,,withings
5/15/10,167.3,lbs,,,withings
5/15/10,167.3,lbs,,,withings
5/22/10,166.4,lbs,16.6,%,withings
5/22/10,171.1,lbs,17.5,%,withings
5/29/10,168,lbs,15.4,%,withings
6/5/10,168,lbs,17,%,withings
6/19/10,169.5,lbs,17.7,%,withings
6/20/10,168,lbs,17,%,withings
6/22/10,167.8,lbs,16.6,%,withings
6/28/10,169.1,lbs,17.6,%,withings
6/29/10,167.6,lbs,15,%,withings
7/5/10,166,lbs,16.7,%,withings
7/20/10,169.5,lbs,17.4,%,withings
7/23/10,167.3,lbs,15.2,%,withings
7/26/10,172.2,lbs,16.4,%,withings
7/28/10,168.7,lbs,17.5,%,withings
7/31/10,167.1,lbs,17,%,withings
8/10/10,166,lbs,16.8,%,withings
8/15/10,171.1,lbs,17.9,%,withings
8/18/10,170.4,lbs,16.4,%,withings
8/22/10,169.8,lbs,17.9,%,withings
9/11/10,166.9,lbs,15.4,%,withings
9/19/10,167.3,lbs,17.7,%,withings
9/29/10,168.7,lbs,17.5,%,withings
10/6/10,167.6,lbs,17.2,%,withings
10/9/10,168,lbs,17.3,%,withings
10/20/10,169.8,lbs,17.5,%,withings
10/21/10,167.6,lbs,18.8,%,withings
11/13/10,167.6,lbs,16.6,%,withings
11/25/10,167.1,lbs,18.7,%,withings
11/25/10,166.2,lbs,18.4,%,withings
12/1/10,165.8,lbs,18.3,%,withings
12/22/10,168,lbs,18.9,%,withings
12/28/10,167.3,lbs,18.8,%,withings
1/5/11,166.9,lbs,18.9,%,withings
5/10/11,172.8,lbs,18.8,%,withings
5/15/11,167.3,lbs,18.8,%,withings
5/18/11,167.6,lbs,15.4,%,withings
5/26/11,172,lbs,16.2,%,withings
5/29/11,168.4,lbs,17.5,%,withings
6/3/11,168,lbs,17.1,%,withings
6/4/11,169.5,lbs,15.6,%,withings
6/5/11,166.7,lbs,17,%,withings
6/12/11,166.2,lbs,16.9,%,withings
6/22/11,167.3,lbs,16.9,%,withings
6/23/11,164.7,lbs,16.5,%,withings
6/25/11,166,lbs,16.9,%,withings
6/28/11,165.8,lbs,17.1,%,withings
6/28/11,165.6,lbs,14.9,%,withings
6/29/11,165.3,lbs,17,%,withings
7/1/11,166.7,lbs,18.6,%,withings
7/4/11,167.3,lbs,17.5,%,withings
8/6/11,164.9,lbs,16.8,%,withings
8/12/11,165.3,lbs,14.9,%,withings
8/17/11,167.1,lbs,17.2,%,withings
9/3/11,164.7,lbs,16.5,%,withings
9/7/11,167.1,lbs,15.6,%,withings
9/15/11,163.1,lbs,14.3,%,withings
9/19/11,166.4,lbs,15.2,%,withings
9/25/11,163.1,lbs,16.1,%,withings
4/7/12,168.2,lbs,17.3,%,withings
4/9/12,173.1,lbs,18.9,%,withings
4/9/12,173.1,lbs,18.8,%,withings
4/13/12,173.1,lbs,19.1,%,withings
4/13/12,167.8,lbs,20.1,%,withings
4/17/12,168.7,lbs,19.2,%,withings
4/19/12,168.7,lbs,20.7,%,withings
4/22/12,170.6,lbs,19.4,%,withings
4/23/12,172.6,lbs,19.8,%,withings
4/24/12,169.1,lbs,21.6,%,withings
4/25/12,168.9,lbs,21.2,%,withings
4/28/12,169.5,lbs,,,withings
4/30/12,169.1,lbs,,,withings
6/10/12,167.6,lbs,19.4,%,withings
6/14/12,166.4,lbs,20.5,%,withings
6/19/12,169.8,lbs,18.7,%,withings
6/22/12,167.6,lbs,19.3,%,withings
9/9/12,172,lbs,18.3,%,withings
9/11/12,169.8,lbs,21.7,%,withings
9/12/12,168,lbs,21.9,%,withings
9/14/12,170.9,lbs,21,%,withings
9/22/12,167.3,lbs,19.5,%,withings
11/11/12,170,lbs,20.3,%,withings
11/15/12,165.3,lbs,20,%,withings
11/17/12,164.5,lbs,18.9,%,withings
11/18/12,163.8,lbs,19.7,%,withings
11/19/12,165.3,lbs,18.8,%,withings
11/21/12,165.1,lbs,20,%,withings
11/22/12,165.1,lbs,19.7,%,withings
11/25/12,166,lbs,19.2,%,withings
11/26/12,166.9,lbs,19.5,%,withings
11/29/12,164.9,lbs,20,%,withings
11/30/12,163.6,lbs,17.9,%,withings
12/1/12,162.7,lbs,20,%,withings
12/3/12,165.8,lbs,,,withings
12/4/12,165.3,lbs,,,withings
12/9/12,165.6,lbs,19,%,withings
12/10/12,166,lbs,20.1,%,withings
12/11/12,164.9,lbs,19.3,%,withings
12/12/12,164.7,lbs,20.2,%,withings
12/15/12,165.1,lbs,19.9,%,withings
12/19/12,169.8,lbs,20.4,%,withings
12/22/12,163.8,lbs,20.8,%,withings
12/30/12,163.1,lbs,19.1,%,withings
1/8/13,162.5,lbs,18.7,%,withings
1/12/13,165.6,lbs,19.9,%,withings
1/21/13,163.8,lbs,18.8,%,withings
4/6/13,160.9,lbs,17.6,%,withings
4/8/13,160.1,lbs,17.4,%,withings
4/14/13,159.6,lbs,18.2,%,withings
4/17/13,161.4,lbs,17.6,%,withings
4/18/13,160.1,lbs,18.2,%,withings
4/21/13,160.7,lbs,,,withings
4/23/13,160.9,lbs,16.7,%,withings
6/16/13,161.2,lbs,,,withings
7/24/13,167.4,lbs,,,other
7/24/13,167.3,lbs,,,withings
7/26/13,166.6,lbs,,,other
7/26/13,166.7,lbs,,,withings
8/10/13,163.4,lbs,,,withings
8/20/13,163.8,lbs,17.9,%,withings
8/25/13,161.6,lbs,18.2,%,withings
8/29/13,162,lbs,19,%,withings
8/30/13,160.5,lbs,18.5,%,withings
8/31/13,159.2,lbs,19,%,withings
9/1/13,160.3,lbs,17.5,%,withings
9/3/13,164.7,lbs,18,%,withings
9/4/13,164.7,lbs,18.9,%,withings
9/4/13,164.9,lbs,19,%,withings
9/8/13,160.5,lbs,18.7,%,withings
9/11/13,160.3,lbs,18.4,%,withings
9/13/13,159.4,lbs,17.9,%,withings
9/13/13,159.4,lbs,18.1,%,withings
9/21/13,159.4,lbs,17.6,%,withings
9/23/13,160.9,lbs,16.5,%,withings
9/25/13,159.6,lbs,17.5,%,withings
9/26/13,161.4,lbs,19.1,%,withings
9/27/13,158.5,lbs,17.2,%,withings
9/28/13,163.4,lbs,18.5,%,withings
9/30/13,163.4,lbs,18.2,%,withings
10/1/13,160.7,lbs,17,%,withings
10/2/13,162.7,lbs,17,%,withings
10/3/13,159.4,lbs,16.9,%,withings
10/6/13,161.4,lbs,16.7,%,withings
10/7/13,162,lbs,17.4,%,withings
11/1/13,160.9,lbs,17.5,%,withings
11/2/13,159.2,lbs,17.4,%,withings
11/4/13,161.2,lbs,17.6,%,withings
11/5/13,160.5,lbs,17.4,%,withings
11/6/13,160.5,lbs,17.7,%,withings
11/8/13,163.8,lbs,16.9,%,withings
11/10/13,162.9,lbs,17.3,%,withings
11/12/13,162.5,lbs,17.4,%,withings
11/17/13,159.4,lbs,16.8,%,withings
11/18/13,161.2,lbs,17.3,%,withings
11/19/13,161.6,lbs,17.2,%,withings
11/24/13,160.3,lbs,17.2,%,withings
11/26/13,161.8,lbs,16.6,%,withings
12/1/13,161.8,lbs,17.5,%,withings
12/3/13,161.8,lbs,17.8,%,withings
12/5/13,160.9,lbs,16.8,%,withings
12/7/13,161.6,lbs,16.3,%,withings
12/9/13,162.5,lbs,16.1,%,withings
12/10/13,161.4,lbs,16.4,%,withings
12/11/13,164.9,lbs,17.1,%,withings
12/16/13,160.9,lbs,16.3,%,withings
1/10/14,161.8,lbs,17.9,%,withings
1/12/14,165.3,lbs,17.3,%,withings
1/19/14,165.1,lbs,17.9,%,withings
1/20/14,164.2,lbs,18.4,%,withings
2/2/14,162.5,lbs,18.1,%,withings
2/2/14,162.5,lbs,18,%,withings
2/11/14,161.6,lbs,17.3,%,withings
2/13/14,160.9,lbs,17.4,%,withings
2/23/14,159.8,lbs,17.2,%,withings
2/27/14,159.8,lbs,17.9,%,withings
2/28/14,160.1,lbs,17.5,%,withings
3/2/14,159.2,lbs,17.2,%,withings
6/3/14,168.4,lbs,19.3,%,withings
6/4/14,167.6,lbs,,,withings
6/5/14,165.8,lbs,,,withings
6/6/14,166.2,lbs,,,withings
6/7/14,165.3,lbs,,,withings
6/9/14,167.6,lbs,19.5,%,withings
6/10/14,169.1,lbs,19.2,%,withings
6/11/14,166.9,lbs,19.9,%,withings
6/12/14,169.8,lbs,,,withings
6/14/14,170,lbs,,,withings
6/27/14,165.3,lbs,19.5,%,withings
6/28/14,166.2,lbs,,,withings
6/29/14,167.1,lbs,20.2,%,withings
7/3/14,173.5,lbs,,,withings
7/4/14,172.4,lbs,18.6,%,withings
7/6/14,169.8,lbs,,,withings
7/8/14,166.7,lbs,,,withings
7/9/14,166.7,lbs,,,withings
7/10/14,166.2,lbs,,,withings
7/11/14,167.1,lbs,20.6,%,withings
7/12/14,166.9,lbs,20.1,%,withings
7/13/14,167.6,lbs,,,withings
7/14/14,170.4,lbs,,,withings
7/19/14,167.8,lbs,,,withings
7/22/14,170.9,lbs,19.5,%,withings
7/23/14,170.4,lbs,,,withings
7/24/14,169.1,lbs,20.8,%,withings
7/25/14,169.5,lbs,,,withings
7/26/14,167.6,lbs,20.4,%,withings
7/27/14,168.7,lbs,20.6,%,withings
7/28/14,170.6,lbs,,,withings
7/29/14,171.7,lbs,,,withings
7/30/14,171.1,lbs,,,withings
7/31/14,168,lbs,,,withings
8/1/14,169.3,lbs,,,withings
8/2/14,166.7,lbs,,,withings
8/3/14,172.6,lbs,20.2,%,withings
8/4/14,172.2,lbs,,,withings
8/5/14,171.1,lbs,19.7,%,withings
8/6/14,171.3,lbs,,,withings
8/7/14,168,lbs,,,withings
8/9/14,171.3,lbs,,,withings
8/17/14,170.4,lbs,,,withings
8/18/14,170.6,lbs,,,withings
8/20/14,168.9,lbs,,,withings
8/22/14,166.7,lbs,,,withings
8/23/14,164.7,lbs,,,withings
8/24/14,167.1,lbs,,,withings
8/25/14,169.3,lbs,,,withings
8/26/14,168.2,lbs,,,withings
8/27/14,167.8,lbs,,,withings
9/9/14,167.8,lbs,,,withings
9/10/14,167.3,lbs,,,withings
9/11/14,167.3,lbs,,,withings
9/12/14,168.4,lbs,,,withings
9/15/14,169.1,lbs,,,withings
9/17/14,166.4,lbs,,,withings
9/18/14,166.4,lbs,,,withings
9/19/14,167.3,lbs,,,withings
9/20/14,167.6,lbs,,,withings
9/22/14,168.7,lbs,,,withings
9/23/14,168,lbs,,,withings
9/25/14,165.6,lbs,,,withings
10/1/14,164.9,lbs,19.1,%,withings
10/2/14,165.1,lbs,,,withings
10/5/14,166.2,lbs,,,withings
10/6/14,170.6,lbs,,,withings
10/7/14,165.8,lbs,,,withings
10/8/14,167.6,lbs,,,withings
10/9/14,165.8,lbs,,,withings
10/10/14,164.7,lbs,,,withings
10/11/14,164.2,lbs,,,withings
10/12/14,164.9,lbs,,,withings
10/14/14,166,lbs,,,withings
10/15/14,165.3,lbs,19.5,%,withings
10/16/14,163.8,lbs,,,withings
10/17/14,165.1,lbs,17.9,%,withings
10/19/14,166,lbs,,,withings
10/20/14,166,lbs,,,withings
10/22/14,166.4,lbs,,,withings
10/23/14,163.8,lbs,,,withings
10/25/14,163.8,lbs,,,withings
10/26/14,165.8,lbs,,,withings
10/27/14,167.6,lbs,,,withings
10/28/14,168.2,lbs,,,withings
10/29/14,168.4,lbs,,,withings
10/30/14,164.9,lbs,,,withings
10/31/14,167.3,lbs,,,withings
11/3/14,168,lbs,,,withings
11/5/14,169.1,lbs,,,withings
11/6/14,171.1,lbs,,,withings
11/7/14,169.8,lbs,,,withings
11/8/14,169.3,lbs,,,withings
11/9/14,169.5,lbs,,,withings
11/10/14,169.8,lbs,,,withings
11/12/14,166.2,lbs,,,withings
11/13/14,167.6,lbs,,,withings
11/15/14,166.4,lbs,,,withings
11/16/14,168,lbs,,,withings
11/17/14,167.3,lbs,,,withings
11/18/14,167.3,lbs,,,withings
11/19/14,168,lbs,,,withings
11/21/14,166.7,lbs,,,withings
11/22/14,166.2,lbs,,,withings
11/24/14,168.7,lbs,,,withings
11/26/14,166.4,lbs,,,withings
11/30/14,169.5,lbs,,,withings
12/3/14,168.9,lbs,,,withings
12/4/14,168,lbs,,,withings
12/5/14,166.4,lbs,18.6,%,withings
12/6/14,167.8,lbs,,,withings
12/7/14,167.8,lbs,,,withings
12/8/14,168.2,lbs,,,withings
12/10/14,166.7,lbs,,,withings
12/12/14,166.2,lbs,,,withings
12/14/14,168.9,lbs,18.1,%,withings
12/15/14,170,lbs,18.5,%,withings
12/17/14,168.9,lbs,,,withings
12/21/14,168.4,lbs,19.3,%,withings
12/22/14,168.2,lbs,19.2,%,withings
12/28/14,169.1,lbs,,,withings
12/29/14,170,lbs,,,withings
12/31/14,168.4,lbs,,,withings
1/5/15,168.9,lbs,,,withings
1/6/15,168.4,lbs,,,withings
1/7/15,166,lbs,,,withings
1/8/15,167.1,lbs,,,withings
1/9/15,165.8,lbs,,,withings
1/10/15,168,lbs,,,withings
1/11/15,169.3,lbs,,,withings
1/12/15,168.4,lbs,,,withings
1/18/15,165.3,lbs,,,withings
1/19/15,168.4,lbs,,,withings
1/20/15,168.7,lbs,,,withings
1/21/15,167.8,lbs,,,withings
1/23/15,166.4,lbs,,,withings
1/24/15,165.8,lbs,,,withings
1/25/15,167.8,lbs,19.2,%,withings
1/27/15,166.7,lbs,,,withings
1/28/15,167.1,lbs,,,withings
1/29/15,166.7,lbs,,,withings
2/1/15,163.6,lbs,,,withings
2/2/15,166.4,lbs,,,withings
2/5/15,164.7,lbs,,,withings
2/6/15,163.6,lbs,,,withings
2/7/15,164,lbs,,,withings
2/8/15,163.4,lbs,,,withings
2/9/15,162.9,lbs,,,withings
2/10/15,162.9,lbs,,,withings
2/11/15,162.5,lbs,,,withings
2/13/15,164,lbs,,,withings
2/14/15,163.6,lbs,,,withings
2/15/15,163.6,lbs,,,withings
2/16/15,163.6,lbs,,,withings
2/17/15,164.9,lbs,,,withings
2/20/15,162,lbs,,,withings
2/25/15,168,lbs,,,withings
2/26/15,164.9,lbs,,,withings
3/3/15,162,lbs,,,withings
3/4/15,163.1,lbs,,,withings
3/6/15,163.8,lbs,,,withings
3/7/15,163.4,lbs,,,withings
3/8/15,163.8,lbs,,,withings
3/10/15,162.9,lbs,,,withings
3/11/15,162.7,lbs,,,withings
3/12/15,164,lbs,,,withings
3/13/15,165.6,lbs,,,withings
3/14/15,166.7,lbs,,,withings
3/15/15,165.8,lbs,,,withings
3/16/15,164.9,lbs,,,withings
3/17/15,162.9,lbs,,,withings
3/18/15,162,lbs,,,withings
3/19/15,163.4,lbs,,,withings
3/20/15,164.5,lbs,,,withings
3/21/15,164.9,lbs,,,withings
3/26/15,162.9,lbs,,,withings
3/27/15,162.7,lbs,,,withings
3/28/15,163.6,lbs,,,withings
3/29/15,163.1,lbs,,,withings
3/30/15,166.2,lbs,,,withings
3/31/15,166,lbs,,,withings
4/1/15,167.3,lbs,,,withings
4/3/15,164.9,lbs,,,withings
4/12/15,167.8,lbs,,,withings
4/13/15,165.8,lbs,,,withings
4/14/15,166.4,lbs,,,withings
4/15/15,166.7,lbs,,,withings
4/17/15,165.8,lbs,,,withings
4/18/15,164.5,lbs,,,withings
4/19/15,164.9,lbs,,,withings
4/20/15,165.3,lbs,,,withings
4/21/15,167.3,lbs,,,withings
4/22/15,167.8,lbs,,,withings
4/23/15,166.9,lbs,,,withings
4/25/15,165.6,lbs,,,withings
4/26/15,166.9,lbs,,,withings
4/27/15,167.1,lbs,,,withings
4/29/15,167.1,lbs,,,withings
5/1/15,164.9,lbs,,,withings
5/2/15,168.4,lbs,19,%,withings
5/3/15,168.4,lbs,,,withings
5/4/15,170.4,lbs,,,withings
5/5/15,169.3,lbs,,,withings
5/6/15,166.9,lbs,20.2,%,withings
5/7/15,166.2,lbs,,,withings
5/8/15,167.6,lbs,,,withings
5/9/15,165.8,lbs,,,withings
5/11/15,167.6,lbs,19.6,%,withings
5/12/15,166.7,lbs,,,withings
5/13/15,169.5,lbs,,,withings
5/14/15,169.1,lbs,,,withings
5/15/15,168.7,lbs,,,withings
5/16/15,168,lbs,,,withings
5/17/15,170.4,lbs,,,withings
5/18/15,166.9,lbs,,,withings
5/19/15,168.4,lbs,,,withings
5/20/15,166.2,lbs,,,withings
5/21/15,167.3,lbs,,,withings
5/22/15,168.2,lbs,,,withings
5/23/15,167.8,lbs,,,withings
5/24/15,168.7,lbs,,,withings
5/26/15,173.7,lbs,,,withings
5/27/15,171.1,lbs,,,withings
5/28/15,166.9,lbs,,,withings
5/29/15,167.8,lbs,,,withings
5/30/15,167.6,lbs,,,withings
5/31/15,167.8,lbs,21.2,%,withings
6/1/15,168.4,lbs,21.1,%,withings
6/2/15,168,lbs,20.3,%,withings
6/3/15,166.7,lbs,,,withings
6/4/15,167.8,lbs,,,withings
6/5/15,165.3,lbs,,,withings
6/7/15,165.8,lbs,19.4,%,withings
6/8/15,166.9,lbs,,,withings
6/8/15,166.9,lbs,20.2,%,withings
6/10/15,165.8,lbs,,,withings
6/11/15,164.9,lbs,,,withings
6/12/15,165.3,lbs,,,withings
6/13/15,165.8,lbs,,,withings
6/14/15,166,lbs,,,withings
6/15/15,163.6,lbs,,,withings
6/16/15,165.1,lbs,,,withings
6/23/15,168.7,lbs,,,withings
6/24/15,168.4,lbs,,,withings
6/25/15,164.7,lbs,,,withings
6/26/15,168.4,lbs,,,withings
6/27/15,166.2,lbs,,,withings
6/28/15,166.7,lbs,,,withings
6/29/15,167.6,lbs,,,withings
7/4/15,164.5,lbs,,,withings
7/6/15,168,lbs,,,withings
7/8/15,163.1,lbs,,,withings
7/9/15,161.4,lbs,,,withings
7/10/15,163.4,lbs,,,withings
7/12/15,170.9,lbs,,,withings
7/13/15,169.1,lbs,19.3,%,withings
7/16/15,165.6,lbs,,,withings
7/17/15,166,lbs,,,withings
7/18/15,165.8,lbs,,,withings
7/19/15,168.9,lbs,,,withings
7/21/15,169.1,lbs,,,withings
7/22/15,165.8,lbs,,,withings
7/23/15,165.8,lbs,,,withings
7/27/15,166,lbs,,,withings
7/29/15,169.8,lbs,,,withings
7/30/15,167.8,lbs,,,withings
7/31/15,168.7,lbs,,,withings
8/1/15,168,lbs,,,withings
8/2/15,170.9,lbs,,,withings
8/3/15,171.1,lbs,,,withings
8/4/15,170.2,lbs,,,withings
8/5/15,173.1,lbs,,,withings
8/6/15,169.3,lbs,,,withings
8/7/15,168,lbs,,,withings
8/8/15,165.3,lbs,,,withings
8/9/15,166.9,lbs,,,withings
8/11/15,169.8,lbs,,,withings
8/11/15,169.8,lbs,,,other
8/13/15,168.7,lbs,,,withings
8/13/15,168.6,lbs,,,other
8/14/15,168.7,lbs,,,withings
8/14/15,168.6,lbs,,,other
8/19/15,172.4,lbs,,,withings
8/19/15,172.4,lbs,,,omron
8/20/15,171,lbs,,,omron
8/20/15,171.1,lbs,,,withings
8/22/15,170.4,lbs,,,omron
8/22/15,170.4,lbs,,,withings
9/14/15,174.4,lbs,,,withings
9/15/15,173.9,lbs,,,withings
9/16/15,171.1,lbs,,,withings
9/17/15,171.1,lbs,20.1,%,withings
9/18/15,172.2,lbs,,,withings
9/19/15,171.5,lbs,,,withings
9/20/15,173.7,lbs,,,withings
9/21/15,174.2,lbs,,,withings
9/22/15,172.6,lbs,,,withings
9/23/15,173.5,lbs,,,withings
9/24/15,176.1,lbs,,,withings
9/25/15,171.5,lbs,,,withings
9/26/15,172.2,lbs,,,withings
9/30/15,169.5,lbs,,,withings
10/1/15,168.2,lbs,,,withings
10/2/15,169.5,lbs,,,withings
10/4/15,169.1,lbs,,,withings
10/5/15,168,lbs,,,withings
10/7/15,166.2,lbs,,,withings
10/8/15,167,lbs,20.9,%,omron
10/8/15,167.1,lbs,20.9,%,withings
10/12/15,168.2,lbs,20.7,%,omron
10/12/15,168.2,lbs,20.7,%,withings
10/13/15,169.4,lbs,20.9,%,omron
10/13/15,169.3,lbs,20.9,%,withings
10/14/15,168.9,lbs,22.7,%,withings
10/14/15,168.8,lbs,22.7,%,omron
10/15/15,166,lbs,21.8,%,omron
10/15/15,166,lbs,21.8,%,withings
10/19/15,171.5,lbs,21.4,%,withings
10/19/15,171.4,lbs,21.4,%,omron
10/20/15,169.2,lbs,22.1,%,omron
10/20/15,169.3,lbs,22.1,%,withings
10/21/15,168,lbs,22,%,omron
10/21/15,168,lbs,22,%,withings
10/22/15,165.4,lbs,22.9,%,omron
10/22/15,165.3,lbs,22.9,%,withings
10/23/15,168.2,lbs,21.6,%,omron
10/23/15,168.2,lbs,21.6,%,withings
10/24/15,169.5,lbs,20.2,%,withings
10/24/15,169.6,lbs,20.2,%,omron
10/25/15,167.8,lbs,22.9,%,withings
10/25/15,167.8,lbs,22.9,%,omron
10/26/15,169.3,lbs,22,%,withings
10/26/15,169.2,lbs,22,%,omron
10/27/15,166.2,lbs,23,%,omron
10/27/15,166.2,lbs,23,%,withings
10/28/15,169.1,lbs,21.4,%,withings
10/28/15,169,lbs,21.4,%,omron
10/29/15,169.5,lbs,21.4,%,withings
10/29/15,169.6,lbs,21.4,%,omron
10/30/15,168.4,lbs,21.4,%,withings
10/30/15,168.4,lbs,21.4,%,omron
11/1/15,167.6,lbs,21.9,%,omron
11/1/15,167.6,lbs,21.9,%,withings
11/2/15,169,lbs,21.8,%,omron
11/2/15,169.1,lbs,21.8,%,withings
11/3/15,169.3,lbs,21.8,%,withings
11/3/15,169.4,lbs,21.8,%,omron
11/4/15,168.2,lbs,21.9,%,omron
11/4/15,168.2,lbs,21.9,%,withings
11/5/15,167.6,lbs,22.4,%,withings
11/5/15,167.6,lbs,22.4,%,omron
11/6/15,169,lbs,21.1,%,omron
11/6/15,169.1,lbs,21.1,%,withings
11/7/15,168.6,lbs,21.2,%,omron
11/7/15,168.7,lbs,21.2,%,withings
11/8/15,168.4,lbs,21.3,%,withings
11/8/15,168.4,lbs,21.3,%,omron
11/9/15,171.1,lbs,20.4,%,withings
11/9/15,171,lbs,20.4,%,omron
11/10/15,169.5,lbs,21.8,%,withings
11/10/15,169.6,lbs,21.8,%,omron
11/11/15,169.8,lbs,22.2,%,withings
11/11/15,169.8,lbs,22.2,%,omron
11/12/15,169,lbs,22.2,%,omron
11/12/15,169.1,lbs,22.2,%,withings
11/13/15,168.2,lbs,22.6,%,withings
11/13/15,168.2,lbs,22.6,%,omron
11/16/15,168,lbs,23,%,withings
11/16/15,168,lbs,23,%,omron
11/17/15,168.4,lbs,21.3,%,omron
11/17/15,168.4,lbs,21.3,%,withings
11/24/15,166.4,lbs,22.2,%,withings
11/24/15,166.4,lbs,22.2,%,omron
11/25/15,168.4,lbs,21.2,%,omron
11/25/15,168.4,lbs,21.2,%,withings
12/2/15,168.9,lbs,22.8,%,withings
12/2/15,168.8,lbs,22.8,%,omron
12/3/15,169.5,lbs,22.8,%,withings
12/3/15,169.6,lbs,22.8,%,omron
12/4/15,170.8,lbs,22.5,%,omron
12/5/15,170.4,lbs,23.4,%,omron
12/6/15,170,lbs,23,%,omron
12/8/15,172.2,lbs,22.2,%,omron
12/10/15,170.8,lbs,23.2,%,omron
12/11/15,168.8,lbs,23.6,%,omron
12/12/15,170.6,lbs,22.5,%,omron
12/13/15,173.2,lbs,21.5,%,omron
12/14/15,172.2,lbs,21.4,%,omron
12/15/15,173.6,lbs,21.8,%,omron
12/16/15,172.2,lbs,22.3,%,omron
12/17/15,170.8,lbs,22,%,omron
12/18/15,172.6,lbs,22.3,%,omron
12/19/15,171.4,lbs,23.3,%,omron
12/20/15,170.6,lbs,23.6,%,omron
12/22/15,172.4,lbs,21.8,%,omron
12/23/15,173.4,lbs,22.3,%,omron
12/24/15,173.8,lbs,23.4,%,omron
12/28/15,175,lbs,24.3,%,omron
12/30/15,171.2,lbs,24.7,%,omron
1/1/16,170.8,lbs,21.2,%,omron
1/3/16,171.2,lbs,23.4,%,omron
1/5/16,172.2,lbs,23.5,%,omron
1/6/16,171,lbs,21.9,%,omron
1/12/16,170.6,lbs,22.6,%,omron
1/14/16,171,lbs,22.5,%,omron
1/15/16,170,lbs,22.7,%,omron
1/16/16,171.4,lbs,22.3,%,omron
1/20/16,171.2,lbs,22.2,%,omron
1/22/16,168.6,lbs,22.3,%,omron
1/26/16,167.4,lbs,23,%,omron
1/27/16,168.2,lbs,22.7,%,omron
1/28/16,167.6,lbs,22.4,%,omron
1/29/16,169.2,lbs,22,%,omron
1/30/16,170.6,lbs,21.7,%,omron
1/31/16,170.8,lbs,20.9,%,omron
2/1/16,170.6,lbs,22,%,omron
2/3/16,170,lbs,22.4,%,omron
2/4/16,169.8,lbs,22,%,omron
2/5/16,169,lbs,23.2,%,omron
2/6/16,171.4,lbs,,,omron
2/10/16,171.6,lbs,20.6,%,omron
2/12/16,172,lbs,22.5,%,omron
2/15/16,170.6,lbs,22.8,%,omron
2/16/16,173,lbs,23.5,%,omron
2/17/16,171.8,lbs,22.9,%,omron
2/18/16,172.4,lbs,23.3,%,omron
2/24/16,173.8,lbs,21.8,%,omron
2/25/16,172.6,lbs,23.8,%,omron
3/1/16,174.4,lbs,23.5,%,omron
3/2/16,173,lbs,23.5,%,omron
3/3/16,172.8,lbs,24.1,%,omron
3/4/16,173.2,lbs,23.9,%,omron
3/5/16,171.6,lbs,24.2,%,omron
3/13/16,176,lbs,23,%,omron
3/16/16,174.4,lbs,23.1,%,omron
3/17/16,173.8,lbs,23,%,omron
3/19/16,174.2,lbs,21.7,%,omron
3/20/16,172.8,lbs,22.1,%,omron
3/21/16,174,lbs,23.3,%,omron
3/22/16,171.8,lbs,23.5,%,omron
3/23/16,170.8,lbs,22.6,%,omron
3/24/16,170,lbs,21.9,%,omron
3/25/16,169.8,lbs,22,%,omron
3/26/16,168.4,lbs,21.5,%,omron
3/27/16,168.2,lbs,21.5,%,omron
3/28/16,168.2,lbs,21.5,%,omron
3/29/16,168.6,lbs,22,%,omron
3/30/16,167.8,lbs,21.5,%,omron
3/31/16,170.2,lbs,21,%,omron
4/1/16,169.8,lbs,21.6,%,omron
4/5/16,175.2,lbs,21.7,%,omron
4/8/16,175.8,lbs,20.7,%,omron
4/10/16,177.6,lbs,21.7,%,omron
4/11/16,175.2,lbs,22.6,%,omron
4/13/16,173.6,lbs,22.8,%,omron
4/17/16,175,lbs,22.5,%,omron
4/29/16,173.8,lbs,22.1,%,omron
5/3/16,173.6,lbs,22.6,%,omron
5/10/16,174.2,lbs,21.9,%,omron
5/12/16,174.6,lbs,22.7,%,omron
5/14/16,176.8,lbs,20,%,omron
5/15/16,175.2,lbs,19.1,%,omron
5/16/16,177.8,lbs,19.3,%,omron
5/17/16,175.2,lbs,21.8,%,omron
5/18/16,173.6,lbs,22.8,%,omron
5/19/16,171.4,lbs,23.1,%,omron
5/20/16,172.6,lbs,22.4,%,omron
5/21/16,172,lbs,21.6,%,omron
5/22/16,174,lbs,23.5,%,omron
5/23/16,173.6,lbs,22,%,omron
5/24/16,172.4,lbs,23,%,omron
5/25/16,170.4,lbs,21.7,%,omron
5/26/16,172,lbs,20.1,%,omron
5/27/16,173,lbs,21.4,%,omron
5/28/16,173.8,lbs,21.3,%,omron
6/1/16,178.2,lbs,21.3,%,omron
6/2/16,176.2,lbs,21.3,%,omron
6/3/16,177.8,lbs,20.1,%,omron
6/4/16,173.8,lbs,20.2,%,omron
6/5/16,175.6,lbs,22.6,%,omron
6/6/16,174.8,lbs,22.7,%,omron
6/7/16,173.6,lbs,23.1,%,omron
6/8/16,173.4,lbs,22.9,%,omron
6/9/16,172,lbs,20.9,%,omron
6/10/16,174.4,lbs,22,%,omron
6/11/16,175.4,lbs,21.3,%,omron
6/12/16,176.2,lbs,21.2,%,omron
6/14/16,173.8,lbs,23.5,%,omron
6/15/16,173.4,lbs,23.1,%,omron
6/16/16,175,lbs,21.4,%,omron
6/17/16,175.8,lbs,22.6,%,omron
6/18/16,176.4,lbs,22.5,%,omron
6/20/16,177,lbs,22.4,%,omron
6/21/16,176,lbs,21.6,%,omron
6/23/16,175.4,lbs,21.1,%,omron
6/24/16,178.2,lbs,20.8,%,omron
6/27/16,174.6,lbs,22.8,%,omron
6/28/16,171.8,lbs,22.1,%,omron
6/29/16,173.4,lbs,23.3,%,omron
6/30/16,171.4,lbs,22.6,%,omron
7/1/16,176.2,lbs,20.8,%,omron
7/6/16,173.4,lbs,20.9,%,omron
7/7/16,173.4,lbs,21.5,%,omron
7/18/16,176.6,lbs,21.3,%,omron
7/19/16,174.2,lbs,22.3,%,omron
7/20/16,174.6,lbs,21.9,%,omron
7/21/16,172,lbs,23.5,%,omron
7/23/16,173.6,lbs,22.1,%,omron
7/25/16,174,lbs,22.4,%,omron
7/26/16,172.4,lbs,22.8,%,omron
7/27/16,171.4,lbs,22.5,%,omron
7/28/16,168.8,lbs,22.5,%,omron
7/29/16,169.8,lbs,22.7,%,omron
7/30/16,172.2,lbs,21.8,%,omron
7/31/16,173.4,lbs,22.7,%,omron
8/1/16,173.6,lbs,22.1,%,omron
8/2/16,173.8,lbs,21.3,%,omron
8/3/16,171.4,lbs,21.8,%,omron
8/4/16,169.2,lbs,22.7,%,omron
8/5/16,170,lbs,22.2,%,omron
8/7/16,173.4,lbs,22.3,%,omron
8/8/16,174.8,lbs,22.9,%,omron
8/10/16,172.4,lbs,22.6,%,omron
8/11/16,170.6,lbs,22.7,%,omron
8/12/16,173.8,lbs,22.1,%,omron
8/13/16,173.6,lbs,19.9,%,omron
8/14/16,175.6,lbs,21,%,omron
8/15/16,175.6,lbs,21.6,%,omron
8/16/16,173.2,lbs,22.8,%,omron
8/18/16,171.6,lbs,22.5,%,omron
8/19/16,173.8,lbs,21.1,%,omron
8/21/16,173.2,lbs,22.5,%,omron
8/22/16,173.2,lbs,23.1,%,omron
8/23/16,171.2,lbs,23.9,%,omron
8/24/16,171.4,lbs,22.2,%,omron
8/25/16,169.8,lbs,23.1,%,omron
8/26/16,171.4,lbs,21.8,%,omron
8/27/16,171.6,lbs,22,%,omron
8/28/16,172,lbs,21.3,%,omron
8/29/16,173.2,lbs,20.7,%,omron
8/30/16,174.6,lbs,19.8,%,omron
8/31/16,171,lbs,21.4,%,omron
9/1/16,170.2,lbs,23.4,%,omron
9/2/16,173,lbs,20.7,%,omron
9/3/16,173,lbs,21.5,%,omron
9/4/16,171.6,lbs,21.3,%,omron
9/5/16,173.4,lbs,22.3,%,omron
9/6/16,172.2,lbs,21.7,%,omron
9/7/16,170.4,lbs,21.5,%,omron
9/8/16,169.4,lbs,20.3,%,omron
9/9/16,170.4,lbs,21,%,omron
9/11/16,169.2,lbs,21.3,%,omron
9/12/16,171.6,lbs,21.4,%,omron
9/13/16,171.4,lbs,21.3,%,omron
9/14/16,170,lbs,20.9,%,omron
9/16/16,171.4,lbs,20.9,%,omron
9/17/16,173,lbs,18.7,%,omron
9/18/16,175,lbs,18.7,%,omron
9/19/16,174.6,lbs,20.8,%,omron
9/20/16,171.8,lbs,19.8,%,omron
9/21/16,169.6,lbs,21.7,%,omron
9/28/16,171,lbs,20.5,%,omron
9/29/16,170,lbs,20.5,%,omron
9/30/16,170.6,lbs,21.3,%,omron
10/1/16,169.2,lbs,21.1,%,omron
10/3/16,168.6,lbs,21.9,%,omron
10/4/16,170.6,lbs,20.2,%,omron
10/5/16,171.2,lbs,19.8,%,omron
10/6/16,169.6,lbs,19.8,%,omron
10/7/16,169.2,lbs,20.9,%,omron
10/8/16,167,lbs,19.6,%,omron
10/9/16,169.4,lbs,20.4,%,omron
10/10/16,168.2,lbs,20.8,%,omron
10/11/16,169.2,lbs,21.1,%,omron
10/12/16,168.7,lbs,20.5,%,omron
10/13/16,167.4,lbs,21.1,%,omron
10/14/16,167.6,lbs,19.5,%,omron
10/15/16,170.4,lbs,19.8,%,omron
10/17/16,168.2,lbs,21.3,%,omron
10/18/16,169.2,lbs,20.4,%,omron
10/19/16,165.4,lbs,20.8,%,omron
10/20/16,166.4,lbs,20.7,%,omron
10/21/16,168,lbs,20.3,%,omron
10/22/16,170.2,lbs,20.1,%,omron
10/23/16,170.2,lbs,19.8,%,omron
10/24/16,168.8,lbs,20.6,%,omron
10/25/16,167,lbs,19.6,%,omron
10/26/16,165.8,lbs,20,%,omron
10/27/16,166.8,lbs,19.6,%,omron
10/28/16,167.4,lbs,20.2,%,omron
10/29/16,167.4,lbs,19.2,%,omron
10/30/16,167.8,lbs,19.7,%,omron
10/31/16,166.2,lbs,20.2,%,omron
11/1/16,165,lbs,21.4,%,omron
11/2/16,168.6,lbs,19.7,%,omron
11/3/16,166,lbs,19.3,%,omron
11/5/16,165.8,lbs,19.8,%,omron
11/6/16,165.2,lbs,19.8,%,omron
11/7/16,166.8,lbs,19.2,%,omron
11/8/16,165.8,lbs,20.2,%,omron
11/9/16,165.4,lbs,19.8,%,omron
11/10/16,164.8,lbs,20.5,%,omron
11/11/16,166,lbs,20.3,%,omron
11/12/16,166.6,lbs,19,%,omron
11/13/16,166,lbs,20.9,%,omron
11/14/16,166.4,lbs,20.4,%,omron
11/15/16,166.8,lbs,19.3,%,omron
11/17/16,164.6,lbs,20.7,%,omron
11/18/16,166.2,lbs,20.1,%,omron
11/21/16,167.4,lbs,19.2,%,omron
11/22/16,168.2,lbs,18.9,%,omron
11/26/16,168.4,lbs,20.7,%,omron
11/27/16,170.8,lbs,20,%,omron
11/28/16,169,lbs,20.3,%,omron
11/29/16,167.8,lbs,20.6,%,omron
11/30/16,167.8,lbs,20.8,%,omron
12/1/16,169.4,lbs,19.9,%,omron
12/3/16,168.4,lbs,20.9,%,omron
12/5/16,168.8,lbs,20.6,%,omron
12/6/16,171,lbs,19.5,%,omron
12/7/16,173.2,lbs,18.4,%,omron
12/8/16,173,lbs,19,%,omron
12/9/16,171.8,lbs,20.1,%,omron
12/10/16,169.2,lbs,21.4,%,omron
12/11/16,171,lbs,22.2,%,omron
12/12/16,168.2,lbs,21.8,%,omron
12/13/16,168.8,lbs,21.4,%,omron
12/14/16,170.6,lbs,20.2,%,omron
12/15/16,171.2,lbs,19.8,%,omron
12/16/16,171.6,lbs,21.4,%,omron
12/17/16,171.2,lbs,19.7,%,omron
12/19/16,173.4,lbs,20.3,%,omron
12/21/16,168.4,lbs,22.1,%,omron
12/23/16,167.6,lbs,21.2,%,omron
12/27/16,172,lbs,20.7,%,omron
12/28/16,168.8,lbs,22,%,omron
12/28/16,168.2,lbs,20.4,%,withings
12/28/16,170,lbs,18.8,%,withings
12/29/16,169.3,lbs,20.9,%,withings
12/30/16,168.4,lbs,20.2,%,withings
12/30/16,168.8,lbs,21.7,%,omron
12/31/16,169.3,lbs,19,%,withings
1/1/17,170.9,lbs,20.3,%,withings
1/1/17,171.2,lbs,21.5,%,omron
1/2/17,171.4,lbs,21.5,%,omron
1/2/17,170.9,lbs,20.3,%,withings
1/3/17,169.8,lbs,19.8,%,withings
1/3/17,170.4,lbs,21,%,omron
1/5/17,170.6,lbs,20.1,%,omron
1/5/17,170.2,lbs,19.6,%,withings
1/6/17,171.6,lbs,19,%,omron
1/6/17,171.1,lbs,18.7,%,withings
1/7/17,170.9,lbs,20,%,withings
1/7/17,171.6,lbs,21,%,omron
1/8/17,168.8,lbs,22.9,%,omron
1/8/17,168,lbs,20.7,%,withings
1/9/17,168.4,lbs,20.5,%,withings
1/10/17,168.9,lbs,19.6,%,withings
1/10/17,169.4,lbs,21,%,omron
1/11/17,167.3,lbs,20.5,%,withings
1/11/17,168.2,lbs,22.5,%,omron
1/12/17,170.4,lbs,20.3,%,omron
1/12/17,170,lbs,19.6,%,withings
1/13/17,170.4,lbs,18.7,%,withings
1/13/17,170.8,lbs,19.2,%,omron
1/14/17,169.8,lbs,19,%,withings
1/15/17,170,lbs,18.5,%,withings
1/15/17,170.8,lbs,19.7,%,omron
1/16/17,170.4,lbs,21.3,%,omron
1/16/17,170,lbs,19.7,%,withings
1/17/17,171,lbs,20.1,%,omron
1/17/17,170.4,lbs,19.2,%,withings
1/18/17,170.2,lbs,20.4,%,omron
1/18/17,170,lbs,20,%,withings
1/19/17,169.6,lbs,20.9,%,omron
1/19/17,169.3,lbs,20,%,withings
1/20/17,168.4,lbs,20,%,withings
1/21/17,167.6,lbs,20,%,withings
1/22/17,169.5,lbs,19,%,withings
1/22/17,170,lbs,19.6,%,omron
1/23/17,170.2,lbs,21.1,%,omron
1/23/17,169.5,lbs,19.4,%,withings
1/24/17,169.3,lbs,19.2,%,withings
1/24/17,169.8,lbs,20.3,%,omron
1/25/17,169,lbs,20.7,%,omron
1/25/17,168.7,lbs,19.8,%,withings
1/26/17,168.2,lbs,19.5,%,withings
1/26/17,168.6,lbs,20.6,%,omron
1/27/17,169.1,lbs,19.7,%,withings
2/5/17,169.1,lbs,19.3,%,withings
2/6/17,169.1,lbs,19.3,%,withings
2/7/17,169.3,lbs,20.2,%,withings
2/8/17,169.6,lbs,20.9,%,omron
2/9/17,169.4,lbs,21.5,%,omron
2/10/17,168,lbs,20.8,%,withings
2/10/17,168.2,lbs,21.9,%,omron
2/11/17,168.4,lbs,19.6,%,withings
2/12/17,167.2,lbs,20.4,%,omron
2/12/17,166.2,lbs,18.5,%,withings
2/13/17,168,lbs,20.2,%,withings
2/14/17,167.8,lbs,20,%,withings
2/14/17,167.6,lbs,20.1,%,withings
2/15/17,166,lbs,19.8,%,withings
2/16/17,167.1,lbs,18.4,%,withings
2/17/17,168.2,lbs,19.5,%,withings
2/18/17,169.1,lbs,19.7,%,withings
2/19/17,168.2,lbs,17.9,%,withings
2/20/17,170.4,lbs,19.2,%,withings
2/21/17,168.2,lbs,19.1,%,withings
2/22/17,167.4,lbs,21.2,%,omron
2/22/17,166.9,lbs,19.7,%,withings
2/23/17,166.6,lbs,21.3,%,omron
2/23/17,166.2,lbs,19.4,%,withings
2/24/17,167.8,lbs,20.3,%,omron
2/24/17,167.3,lbs,19,%,withings
2/25/17,166.9,lbs,18.8,%,withings
2/25/17,168,lbs,19.2,%,withings
2/25/17,168.2,lbs,20.3,%,omron
2/27/17,170.8,lbs,20.7,%,omron
2/27/17,170.4,lbs,19.5,%,withings
2/28/17,170.4,lbs,19.5,%,withings
2/28/17,171,lbs,21.3,%,omron
2/28/17,170.4,lbs,19.5,%,withings
3/1/17,168.2,lbs,19,%,withings
3/1/17,168.6,lbs,20.9,%,omron
3/2/17,169.2,lbs,20.7,%,omron
3/2/17,168.7,lbs,19.5,%,withings
3/3/17,168.7,lbs,19.7,%,withings
3/4/17,172,lbs,18.4,%,omron
3/4/17,171.3,lbs,18.2,%,withings
3/5/17,170,lbs,20.3,%,omron
3/5/17,169.3,lbs,19.2,%,withings
3/6/17,169.1,lbs,18.4,%,withings
3/6/17,169.8,lbs,20,%,omron
3/7/17,168.9,lbs,20.2,%,withings
3/8/17,168.4,lbs,20.6,%,omron
3/9/17,167.6,lbs,19.2,%,withings
3/9/17,167.8,lbs,19,%,withings
3/10/17,169.8,lbs,18.9,%,omron
3/10/17,169.1,lbs,17.7,%,withings
3/11/17,169.3,lbs,19.9,%,withings
3/12/17,167.1,lbs,20.1,%,withings
3/13/17,169.8,lbs,21.3,%,omron
3/13/17,170.2,lbs,20.1,%,withings
3/14/17,168.7,lbs,19.5,%,withings
3/15/17,170.4,lbs,20.2,%,withings
3/16/17,170.2,lbs,19,%,withings
3/18/17,171.3,lbs,17.4,%,withings
3/18/17,171.8,lbs,20.6,%,omron
3/20/17,169.4,lbs,20.7,%,omron
3/21/17,169.8,lbs,20.9,%,omron
3/24/17,170,lbs,19.8,%,omron
3/28/17,169.4,lbs,20.5,%,omron
3/30/17,169.2,lbs,20,%,omron
3/31/17,170,lbs,20.9,%,omron
4/1/17,169.8,lbs,19.6,%,omron
4/2/17,171.6,lbs,19.6,%,omron
4/3/17,169,lbs,20.3,%,omron
4/4/17,168.8,lbs,19.9,%,omron
4/6/17,166.2,lbs,20.2,%,omron
4/7/17,170.4,lbs,20.1,%,omron
4/8/17,170.8,lbs,18.2,%,omron
4/9/17,172.4,lbs,19.2,%,withings
4/10/17,169.8,lbs,18.7,%,withings
4/11/17,168.4,lbs,17.3,%,withings
4/12/17,166.9,lbs,18.7,%,withings
4/13/17,166.4,lbs,18.1,%,withings
4/14/17,168.4,lbs,18.8,%,omron
4/14/17,168.9,lbs,16.8,%,withings
4/15/17,170.4,lbs,17.1,%,withings
4/17/17,172.6,lbs,18,%,withings
4/19/17,169.5,lbs,17.9,%,withings
4/20/17,170.2,lbs,18,%,withings
4/22/17,168.7,lbs,18.9,%,withings
4/23/17,170.6,lbs,17.2,%,withings
4/24/17,172.2,lbs,19.1,%,withings
4/25/17,170.2,lbs,19.3,%,withings
4/26/17,169.8,lbs,19.7,%,withings
4/27/17,168.4,lbs,21.2,%,omron
4/28/17,167.8,lbs,18.2,%,withings
4/29/17,168.7,lbs,18.5,%,withings
4/30/17,170.4,lbs,17.4,%,withings
5/1/17,170.9,lbs,19,%,withings
5/2/17,169.3,lbs,18.4,%,withings
5/3/17,168.2,lbs,19.1,%,withings
5/4/17,167.8,lbs,19.1,%,withings
5/5/17,168.9,lbs,18.8,%,withings
5/6/17,169.3,lbs,18.3,%,withings
5/7/17,166.9,lbs,17.8,%,withings
5/8/17,170,lbs,19.6,%,withings
5/8/17,170,lbs,19.6,%,withings
5/9/17,170.2,lbs,20.7,%,omron
5/9/17,170,lbs,19.3,%,withings
5/10/17,169.3,lbs,19.5,%,withings
5/10/17,169.5,lbs,20,%,withings
5/10/17,169.6,lbs,21.3,%,omron
5/11/17,171.3,lbs,18.9,%,withings
5/12/17,172.2,lbs,19,%,withings
5/13/17,170.9,lbs,19,%,withings
5/13/17,171.3,lbs,18.8,%,withings
5/14/17,169.5,lbs,21,%,withings
5/15/17,170.2,lbs,19.8,%,withings
5/16/17,170.4,lbs,20.1,%,withings
5/17/17,171,lbs,21.3,%,omron
5/17/17,170.4,lbs,19.7,%,withings
5/25/17,170.4,lbs,20.3,%,withings
5/26/17,170.9,lbs,20,%,withings
5/27/17,168.9,lbs,20.4,%,withings
5/30/17,172.2,lbs,20.2,%,withings
5/30/17,172.2,lbs,20.1,%,withings
5/31/17,172.8,lbs,19.4,%,withings
6/1/17,173.5,lbs,19.1,%,withings
6/2/17,172,lbs,20.3,%,withings
6/3/17,170.9,lbs,20,%,withings
6/4/17,171.7,lbs,19.6,%,withings
6/5/17,172,lbs,19.5,%,withings
6/6/17,170.6,lbs,20,%,withings
6/9/17,169.8,lbs,18.8,%,withings
6/10/17,170.4,lbs,20.5,%,withings
6/13/17,172.4,lbs,18.9,%,withings
6/14/17,170.9,lbs,18.7,%,withings
6/17/17,170.6,lbs,18.5,%,withings
6/18/17,171.7,lbs,19.2,%,withings
6/19/17,172.2,lbs,19.1,%,withings
6/20/17,170.9,lbs,18.9,%,withings
6/20/17,171.1,lbs,18.7,%,withings
6/21/17,169.8,lbs,17.9,%,withings
6/22/17,169.8,lbs,18.8,%,withings
6/23/17,170.4,lbs,18.9,%,withings
6/24/17,170.2,lbs,18.9,%,withings
6/24/17,170.2,lbs,18.8,%,withings
6/25/17,173.1,lbs,17.5,%,withings
6/26/17,173.1,lbs,18.8,%,withings
6/27/17,172.2,lbs,18.2,%,withings
6/28/17,171.3,lbs,18.1,%,withings
6/29/17,169.3,lbs,20.2,%,withings
6/30/17,171.7,lbs,18.9,%,withings
7/1/17,170.2,lbs,19.2,%,withings
7/3/17,171.5,lbs,20,%,withings
7/5/17,172.6,lbs,18.7,%,withings
7/6/17,171.7,lbs,20,%,withings
7/7/17,172.8,lbs,18.8,%,withings
7/8/17,170.6,lbs,19.3,%,withings
7/10/17,173.3,lbs,19.6,%,withings
7/10/17,172.6,lbs,19.5,%,withings
7/11/17,170.4,lbs,19.3,%,withings
7/12/17,170.2,lbs,18.4,%,withings
7/13/17,170.9,lbs,19.4,%,withings
7/13/17,170.4,lbs,18.7,%,withings
7/14/17,169.1,lbs,18,%,withings
7/14/17,170.4,lbs,18.3,%,withings
7/14/17,169.8,lbs,,,withings
7/14/17,170.2,lbs,18,%,withings
7/14/17,171.3,lbs,20.5,%,withings
7/16/17,172,lbs,18.9,%,withings
7/17/17,172,lbs,14.1,%,withings
7/17/17,172,lbs,16.3,%,withings
7/18/17,171.7,lbs,17.9,%,withings
7/19/17,171.5,lbs,16.4,%,withings
7/20/17,169.5,lbs,15.9,%,withings
7/21/17,171.5,lbs,15.7,%,withings
7/23/17,172.4,lbs,15,%,withings
7/24/17,172.4,lbs,16,%,withings
7/24/17,172.2,lbs,16,%,withings
7/25/17,170.4,lbs,18.3,%,withings
7/26/17,169.8,lbs,17.9,%,withings
7/27/17,166.9,lbs,17.3,%,withings
7/28/17,169.1,lbs,15.6,%,withings
7/29/17,168.4,lbs,17.6,%,withings
7/30/17,169.5,lbs,17.4,%,withings
7/31/17,169.5,lbs,17.6,%,withings
8/1/17,170.4,lbs,16.5,%,withings
8/2/17,168.2,lbs,15.5,%,withings
8/4/17,168.2,lbs,15,%,withings
8/5/17,168.2,lbs,14.6,%,withings
8/6/17,168.7,lbs,15.9,%,withings
8/7/17,169.3,lbs,16.2,%,withings
8/8/17,167.6,lbs,17,%,withings
8/9/17,166.9,lbs,16,%,withings
8/10/17,168,lbs,15.8,%,withings
8/11/17,168.4,lbs,16.4,%,withings
8/11/17,168.4,lbs,16.3,%,withings
8/12/17,168.9,lbs,14.9,%,withings
8/13/17,169.1,lbs,14.2,%,withings
8/14/17,169.1,lbs,15.3,%,withings
8/15/17,170,lbs,15.7,%,withings
8/16/17,168.2,lbs,14.7,%,withings
8/17/17,167.3,lbs,15.3,%,withings
8/18/17,171.1,lbs,13.7,%,withings
8/19/17,170.4,lbs,14.2,%,withings
8/20/17,170,lbs,13.9,%,withings
8/21/17,169.5,lbs,16.8,%,withings
8/21/17,169.3,lbs,16.6,%,withings
8/22/17,169.5,lbs,15.3,%,withings
8/23/17,169.8,lbs,16.7,%,withings
8/24/17,168.9,lbs,18,%,withings
8/24/17,168.9,lbs,18.1,%,withings
8/28/17,169.5,lbs,18.8,%,withings
8/29/17,168.7,lbs,16.7,%,withings
8/31/17,167.6,lbs,14.9,%,withings
9/5/17,170,lbs,15.8,%,withings
9/8/17,168.9,lbs,17.2,%,withings
9/11/17,171.7,lbs,17.2,%,withings
9/12/17,169.1,lbs,18.5,%,withings
9/12/17,169.3,lbs,18.5,%,withings
9/13/17,168.7,lbs,17.6,%,withings
9/14/17,167.1,lbs,16.4,%,withings
9/15/17,168,lbs,15.3,%,withings
9/16/17,168.2,lbs,16.1,%,withings
9/17/17,170.6,lbs,15.4,%,withings
9/18/17,170.4,lbs,15.6,%,withings
9/19/17,169.5,lbs,13.6,%,withings
9/20/17,168.9,lbs,14,%,withings
9/21/17,168,lbs,12.9,%,withings
9/24/17,169.8,lbs,14.7,%,withings
9/25/17,168.4,lbs,17,%,withings
9/25/17,169.1,lbs,17.1,%,withings
9/26/17,167.8,lbs,13.6,%,withings
9/28/17,165.3,lbs,16.3,%,withings
10/1/17,170.4,lbs,18.1,%,withings
10/3/17,169.3,lbs,16,%,withings
10/6/17,167.6,lbs,13.2,%,withings
10/7/17,167.8,lbs,13.2,%,withings
10/10/17,168.4,lbs,12.5,%,withings
10/11/17,166.7,lbs,14,%,withings
10/18/17,167.3,lbs,14.6,%,withings
10/24/17,165.3,lbs,12.2,%,withings
10/27/17,163.4,lbs,17.4,%,withings
10/28/17,164.7,lbs,15.4,%,withings
10/29/17,165.8,lbs,14.1,%,withings
10/31/17,166.2,lbs,14.5,%,withings
11/1/17,164.2,lbs,17.2,%,withings
11/1/17,164.5,lbs,17.1,%,withings
11/2/17,164,lbs,13.8,%,withings
11/3/17,169.1,lbs,12.9,%,withings
11/4/17,165.3,lbs,17.3,%,withings
11/7/17,166.9,lbs,17.8,%,withings
11/8/17,165.3,lbs,17.2,%,withings
11/9/17,164.5,lbs,15.8,%,withings
11/13/17,165.3,lbs,18,%,withings
11/16/17,166,lbs,14.7,%,withings
11/18/17,171.1,lbs,17.2,%,withings
11/20/17,168,lbs,18.2,%,withings
11/21/17,167.8,lbs,17.2,%,withings
11/23/17,168.7,lbs,18.5,%,withings
11/27/17,168.2,lbs,19.1,%,withings
11/30/17,166.7,lbs,18.9,%,withings
12/4/17,174.4,lbs,16.7,%,withings
12/5/17,172.4,lbs,13.9,%,withings
12/5/17,172.6,lbs,16.4,%,withings
12/8/17,168.4,lbs,18.9,%,withings
12/15/17,170.2,lbs,18.8,%,withings
12/21/17,170,lbs,20,%,withings
12/24/17,173.3,lbs,18.1,%,withings
12/27/17,171.3,lbs,21.1,%,withings
12/27/17,171.3,lbs,21.6,%,withings
12/30/17,170,lbs,20.7,%,withings
1/1/18,172.4,lbs,19,%,withings
1/10/18,171.1,lbs,18.2,%,withings
1/12/18,170.4,lbs,13.8,%,withings
1/31/18,167.1,lbs,19.8,%,withings
2/4/18,167.8,lbs,18,%,withings
2/8/18,171.3,lbs,17,%,withings
2/9/18,169.5,lbs,17.5,%,withings
2/10/18,169.3,lbs,18,%,withings
2/15/18,170.4,lbs,15.9,%,withings
2/16/18,171.3,lbs,13.9,%,withings
2/17/18,174.4,lbs,16.9,%,withings
2/18/18,174.2,lbs,17.9,%,withings
2/21/18,170.2,lbs,14.4,%,withings
2/23/18,173.3,lbs,16.3,%,withings
2/27/18,170.9,lbs,13.1,%,withings
2/28/18,171.3,lbs,14.3,%,withings
3/1/18,171.7,lbs,15.5,%,withings
3/6/18,171.7,lbs,16.8,%,withings
3/10/18,171.5,lbs,18.4,%,withings
3/13/18,171.1,lbs,20.1,%,withings
3/13/18,170.9,lbs,20.1,%,withings
3/20/18,171.5,lbs,19.6,%,withings
3/21/18,171.7,lbs,19.2,%,withings
3/24/18,171.3,lbs,19.6,%,withings
3/26/18,171.3,lbs,19.8,%,withings
3/29/18,171.7,lbs,15.8,%,withings
3/30/18,173.1,lbs,15.9,%,withings
4/2/18,171.7,lbs,18.9,%,withings
4/5/18,172.4,lbs,19,%,withings
4/7/18,172,lbs,15.5,%,withings
4/13/18,173.7,lbs,16,%,withings
4/14/18,175.3,lbs,14.8,%,withings
4/15/18,175.5,lbs,19.1,%,withings
4/16/18,173.9,lbs,17,%,withings
4/17/18,171.1,lbs,16.5,%,withings
4/18/18,171,lbs,19.4,%,omron
4/23/18,170.2,lbs,18.9,%,omron
5/2/18,168.4,lbs,16.5,%,withings
5/3/18,167.8,lbs,16.1,%,withings
5/4/18,168,lbs,14.5,%,withings
5/5/18,169.3,lbs,16,%,withings
5/6/18,169.5,lbs,15.6,%,withings
5/7/18,170,lbs,15.5,%,withings
5/8/18,167.6,lbs,16.3,%,withings
5/11/18,168.7,lbs,14.4,%,withings
5/12/18,168.2,lbs,17.6,%,withings
5/13/18,167.8,lbs,16.5,%,withings
5/14/18,166.9,lbs,14.5,%,withings
5/15/18,168.2,lbs,13.8,%,withings
5/16/18,169.1,lbs,12.2,%,withings
5/17/18,167.6,lbs,12.3,%,withings
5/18/18,168.9,lbs,11.7,%,withings
5/20/18,166.7,lbs,12.6,%,withings
5/21/18,167.3,lbs,13.7,%,withings
5/23/18,168.7,lbs,12.7,%,withings
5/25/18,168,lbs,15.2,%,withings
5/26/18,171.3,lbs,15.8,%,withings
5/27/18,173.1,lbs,13.8,%,withings
5/30/18,171.1,lbs,13.5,%,withings
6/3/18,171.3,lbs,17.1,%,withings
6/5/18,171.7,lbs,15.4,%,withings
6/8/18,171.1,lbs,15.1,%,withings
6/9/18,169.5,lbs,13.8,%,withings
6/12/18,172.8,lbs,16.6,%,withings
6/13/18,169.1,lbs,17.2,%,withings
6/14/18,170.4,lbs,16.9,%,withings
6/15/18,171.3,lbs,18.9,%,withings
6/22/18,170.4,lbs,19.1,%,withings
6/24/18,170.9,lbs,15.6,%,withings
6/25/18,171.7,lbs,14.7,%,withings
6/26/18,170.4,lbs,18.2,%,withings
7/2/18,169.5,lbs,19.6,%,withings
7/6/18,172.2,lbs,19.9,%,withings
7/7/18,171.1,lbs,19.7,%,withings
7/8/18,171.3,lbs,20.7,%,withings
7/9/18,168.9,lbs,17.8,%,withings
7/11/18,170.9,lbs,17.1,%,withings
7/12/18,170.4,lbs,17.3,%,withings
7/13/18,170.9,lbs,17.2,%,withings
7/14/18,171.5,lbs,17.5,%,withings
7/17/18,170,lbs,19,%,withings
7/18/18,170.2,lbs,18.1,%,withings
7/19/18,169.1,lbs,19.9,%,withings
7/20/18,169.1,lbs,17.4,%,withings
7/22/18,170.6,lbs,16.3,%,withings
7/24/18,169.1,lbs,16.6,%,withings
7/26/18,168.7,lbs,17.2,%,withings
7/30/18,169.1,lbs,16.9,%,withings
7/31/18,169.5,lbs,16.8,%,withings
8/2/18,168.9,lbs,15.8,%,withings
8/4/18,168.7,lbs,17.8,%,withings
8/7/18,169.1,lbs,17.7,%,withings
8/8/18,168.7,lbs,16.6,%,withings
8/10/18,169.8,lbs,16.9,%,withings
8/15/18,173.3,lbs,17.6,%,withings
8/16/18,170,lbs,18.7,%,withings
8/17/18,168,lbs,17.2,%,withings
8/18/18,170,lbs,17,%,withings
8/21/18,169.3,lbs,17.1,%,withings
8/23/18,168.7,lbs,17.9,%,withings
8/25/18,169.3,lbs,18.9,%,withings
8/26/18,172,lbs,17.9,%,withings
8/31/18,171.1,lbs,19,%,withings
9/2/18,168.7,lbs,18.3,%,withings
9/6/18,170.2,lbs,17.9,%,withings
9/9/18,169.3,lbs,17.5,%,withings
9/11/18,169.3,lbs,17,%,withings
9/15/18,168.4,lbs,14.4,%,withings
9/17/18,169.8,lbs,15.4,%,withings
9/24/18,166.7,lbs,17.5,%,withings
9/26/18,166.2,lbs,18.1,%,withings
9/26/18,165.1,lbs,17.7,%,withings
9/27/18,164.7,lbs,16.3,%,withings
9/28/18,166.9,lbs,16.8,%,withings
9/29/18,167.3,lbs,15.6,%,withings
9/30/18,165.6,lbs,19.2,%,withings
10/3/18,167.3,lbs,15.5,%,withings
10/6/18,168.9,lbs,18,%,withings
10/7/18,164.9,lbs,16.7,%,withings
10/8/18,164.5,lbs,15.9,%,withings
10/9/18,162.7,lbs,14.6,%,withings
10/9/18,162.7,lbs,14.6,%,withings
10/10/18,162.9,lbs,14.8,%,withings
10/11/18,163.4,lbs,14.4,%,withings
10/12/18,162.9,lbs,14.4,%,withings
10/20/18,164.5,lbs,18,%,withings
10/21/18,163.8,lbs,18.9,%,withings
10/22/18,165.1,lbs,19.3,%,withings
10/23/18,164,lbs,18.1,%,withings
10/25/18,163.1,lbs,17.3,%,withings
11/3/18,164,lbs,15.3,%,withings
11/4/18,164.9,lbs,17.8,%,withings
11/5/18,164.5,lbs,18.5,%,withings
11/8/18,163.6,lbs,17.5,%,withings
11/12/18,166.4,lbs,17.8,%,withings
11/17/18,164.5,lbs,17.9,%,withings
11/19/18,166.9,lbs,18.1,%,withings
11/21/18,167.3,lbs,18.9,%,withings
11/25/18,168.7,lbs,18.5,%,withings
11/29/18,167.3,lbs,18.8,%,withings
11/29/18,167.1,lbs,,,withings
11/30/18,166.9,lbs,19.4,%,withings
12/2/18,167.6,lbs,18.1,%,withings
12/3/18,166.2,lbs,16.9,%,withings
12/4/18,163.8,lbs,20.1,%,withings
12/8/18,166.7,lbs,,,withings
12/8/18,166.4,lbs,,,withings
12/8/18,166.4,lbs,,,withings
12/9/18,166.4,lbs,19.2,%,withings
12/15/18,169.5,lbs,14.6,%,withings
12/16/18,168.2,lbs,17,%,withings
12/17/18,168,lbs,17.9,%,withings
12/24/18,167.6,lbs,,,withings
12/24/18,167.6,lbs,,,withings
12/24/18,167.8,lbs,17.6,%,withings
12/27/18,169.8,lbs,19.3,%,withings
12/28/18,168.7,lbs,14.1,%,withings
1/1/19,167.1,lbs,13,%,withings
1/2/19,167.3,lbs,16,%,withings
1/4/19,167.1,lbs,,,withings
1/4/19,166.9,lbs,,,withings
1/4/19,166.9,lbs,,,withings
1/5/19,166.7,lbs,18,%,withings
1/6/19,167.1,lbs,16.2,%,withings
1/7/19,168.2,lbs,19.2,%,withings
1/9/19,166.2,lbs,,,withings
1/11/19,167.1,lbs,,,withings
1/13/19,169.5,lbs,18.5,%,withings
1/15/19,167.1,lbs,19.7,%,withings
1/16/19,167.3,lbs,20.1,%,withings
1/18/19,166.4,lbs,19,%,withings
1/20/19,165.8,lbs,16.2,%,withings
1/21/19,166.7,lbs,20.1,%,withings
1/23/19,167.3,lbs,19.1,%,withings
1/30/19,169.3,lbs,19.9,%,withings
2/8/19,169.3,lbs,15.8,%,withings
2/14/19,168.4,lbs,17.9,%,withings
2/26/19,167.6,lbs,19.8,%,withings
3/1/19,164.5,lbs,17.8,%,withings
3/8/19,166,lbs,,,withings
3/9/19,165.8,lbs,20.2,%,withings
3/9/19,165.6,lbs,20,%,withings
3/11/19,165.3,lbs,18.6,%,withings
3/12/19,165.8,lbs,,,withings
3/15/19,165.6,lbs,17.6,%,withings
3/16/19,167.8,lbs,16.2,%,withings
3/19/19,166.7,lbs,19.3,%,withings
3/21/19,167.1,lbs,15.8,%,withings
3/23/19,168.2,lbs,18.3,%,withings
3/25/19,167.3,lbs,18.7,%,withings
3/26/19,165.6,lbs,19.4,%,withings
4/1/19,168.9,lbs,18.2,%,withings
4/4/19,165.3,lbs,18.5,%,withings
4/6/19,167.3,lbs,18.1,%,withings
4/8/19,168,lbs,17,%,withings
4/11/19,169.3,lbs,17.4,%,withings
4/13/19,168.9,lbs,,,withings
4/13/19,168.9,lbs,16.3,%,withings
4/14/19,170.2,lbs,14.7,%,withings
4/15/19,168.9,lbs,14.4,%,withings
4/16/19,166.9,lbs,18.1,%,withings
4/17/19,164.7,lbs,18.2,%,withings
4/18/19,164.9,lbs,17.8,%,withings
4/19/19,166,lbs,16.3,%,withings
4/20/19,169.1,lbs,14.8,%,withings
4/22/19,170,lbs,18.2,%,withings
5/1/19,167.1,lbs,18.2,%,withings
5/2/19,167.3,lbs,17.4,%,withings
5/6/19,169.1,lbs,15.9,%,withings
5/7/19,167.3,lbs,15.2,%,withings
5/8/19,163.8,lbs,16.4,%,withings
5/10/19,167.3,lbs,14.9,%,withings
5/12/19,168.4,lbs,16.7,%,withings
5/13/19,167.1,lbs,17.3,%,withings
5/17/19,167.1,lbs,15.3,%,withings
5/20/19,166,lbs,14.6,%,withings
5/24/19,167.3,lbs,15.2,%,withings
5/25/19,168.7,lbs,16.1,%,withings
5/27/19,172,lbs,15.2,%,withings
5/28/19,169.8,lbs,16.8,%,withings
5/30/19,167.6,lbs,16.1,%,withings
6/5/19,167.3,lbs,14.4,%,withings
6/6/19,167.8,lbs,16,%,withings
6/8/19,169.8,lbs,18.1,%,withings
6/9/19,169.8,lbs,17.8,%,withings
6/10/19,168.7,lbs,17.2,%,withings
6/11/19,168.2,lbs,15.8,%,withings
6/12/19,168.9,lbs,17.9,%,withings
6/13/19,169.3,lbs,17.1,%,withings
6/15/19,167.8,lbs,17.3,%,withings
6/16/19,166.9,lbs,16.5,%,withings
6/17/19,168.9,lbs,16.6,%,withings
6/18/19,168,lbs,15,%,withings
6/19/19,168.2,lbs,12.2,%,withings
6/25/19,169.5,lbs,14.9,%,withings
6/26/19,170,lbs,14.3,%,withings
6/27/19,168.7,lbs,15.5,%,withings
6/28/19,168.9,lbs,15.6,%,withings
6/29/19,171.5,lbs,14.8,%,withings
7/2/19,172,lbs,15.7,%,withings
7/6/19,171.7,lbs,14.6,%,withings
7/8/19,170.9,lbs,17.1,%,withings
7/9/19,170.6,lbs,16,%,withings
7/10/19,169.1,lbs,13.6,%,withings
7/11/19,168.9,lbs,14.7,%,withings
7/16/19,168.7,lbs,15.9,%,withings
7/17/19,168.2,lbs,15.2,%,withings
7/18/19,167.6,lbs,13.2,%,withings
7/19/19,168.4,lbs,12.8,%,withings
7/20/19,170.6,lbs,12.7,%,withings
7/22/19,170,lbs,13.8,%,withings
7/23/19,169.8,lbs,16.1,%,withings
7/26/19,169.5,lbs,16.1,%,withings
7/29/19,171.3,lbs,14.4,%,withings
7/30/19,170.4,lbs,14.6,%,withings
7/31/19,170,lbs,14.9,%,withings
8/1/19,168,lbs,15,%,withings
8/3/19,169.8,lbs,14.6,%,withings
8/5/19,170,lbs,16.2,%,withings
8/7/19,169.8,lbs,15.3,%,withings
8/8/19,171.1,lbs,15.1,%,withings
8/9/19,169.5,lbs,14.8,%,withings
8/11/19,168.9,lbs,18.7,%,withings
8/12/19,170.9,lbs,18,%,withings
8/13/19,171.1,lbs,15.7,%,withings
8/14/19,171.7,lbs,14.8,%,withings
8/15/19,171.5,lbs,13.8,%,withings
8/16/19,170.2,lbs,15.1,%,withings
8/17/19,170,lbs,13,%,withings
8/18/19,170,lbs,12.5,%,withings
8/21/19,169.8,lbs,12.6,%,withings
8/23/19,170,lbs,16.4,%,withings
8/24/19,171.7,lbs,19.3,%,withings
8/25/19,172.4,lbs,18.7,%,withings
8/27/19,168.9,lbs,18.9,%,withings
8/29/19,171.5,lbs,15,%,withings
8/31/19,172.8,lbs,17.6,%,withings
9/3/19,172,lbs,17.4,%,withings
9/4/19,169.5,lbs,16.4,%,withings
9/5/19,171.3,lbs,17.3,%,withings
9/7/19,172.2,lbs,17.8,%,withings
9/9/19,172.2,lbs,17.7,%,withings
9/11/19,168.7,lbs,16,%,withings
9/18/19,169.5,lbs,17.3,%,withings
9/19/19,167.3,lbs,17.7,%,withings
9/25/19,168.2,lbs,18.3,%,withings
9/27/19,170.9,lbs,19.2,%,withings
9/28/19,170.2,lbs,16.9,%,withings
9/30/19,170.9,lbs,19.6,%,withings
10/2/19,171.1,lbs,17,%,withings
10/4/19,170,lbs,18,%,withings
10/7/19,166.9,lbs,14.3,%,withings
10/8/19,168.4,lbs,16.7,%,withings
10/9/19,167.3,lbs,17.9,%,withings
10/11/19,168.2,lbs,19,%,withings
10/18/19,170,lbs,19.1,%,withings
10/21/19,172.4,lbs,15.9,%,withings
10/22/19,170.4,lbs,16.6,%,withings
10/23/19,170.4,lbs,13.7,%,withings
10/26/19,171.5,lbs,12.3,%,withings
10/29/19,172,lbs,12.3,%,withings
11/4/19,173.3,lbs,,,withings
11/4/19,173.5,lbs,18.6,%,withings
11/5/19,173.5,lbs,16.5,%,withings
11/5/19,173.3,lbs,,,withings
11/9/19,168.4,lbs,20.2,%,withings
11/13/19,169.3,lbs,20.2,%,withings
11/24/19,171.3,lbs,17.9,%,withings
12/4/19,169.1,lbs,,,withings
12/4/19,169.1,lbs,19,%,withings
12/10/19,168.2,lbs,17.5,%,withings
12/16/19,170.4,lbs,20.4,%,withings
12/29/19,173.1,lbs,,,withings
1/1/20,169.5,lbs,17.6,%,withings
1/3/20,168,lbs,18.9,%,withings
1/9/20,166,lbs,,,withings
1/10/20,168.4,lbs,19.5,%,withings
1/12/20,169.1,lbs,18.4,%,withings
1/13/20,169.1,lbs,19.3,%,withings
1/15/20,170.2,lbs,18,%,withings
1/16/20,167.6,lbs,17.9,%,withings
1/19/20,171.5,lbs,18.7,%,withings
1/21/20,169.1,lbs,20.9,%,withings
1/22/20,167.6,lbs,20.6,%,withings
1/23/20,168.2,lbs,20.1,%,withings
1/26/20,167.8,lbs,18.9,%,withings
1/27/20,167.3,lbs,19.4,%,withings
1/29/20,166.4,lbs,19.3,%,withings
1/30/20,166.7,lbs,19,%,withings
2/3/20,171.1,lbs,18.7,%,withings
2/6/20,167.3,lbs,19.7,%,withings
2/12/20,168,lbs,19.7,%,withings
2/14/20,166.9,lbs,20.4,%,withings
2/16/20,171.3,lbs,19.1,%,withings
2/17/20,170,lbs,19.4,%,withings
2/18/20,169.5,lbs,20.1,%,withings
2/20/20,167.6,lbs,21,%,withings
2/22/20,168.9,lbs,19.6,%,withings
2/28/20,166,lbs,21.2,%,withings
2/29/20,167.8,lbs,19.4,%,withings
3/2/20,169.3,lbs,18.4,%,withings
3/3/20,166.4,lbs,,,withings
3/3/20,166.4,lbs,19.7,%,withings
3/9/20,168,lbs,19.3,%,withings
3/11/20,167.6,lbs,19,%,withings
3/12/20,167.6,lbs,19.1,%,withings
3/13/20,166.4,lbs,18.5,%,withings
3/18/20,167.3,lbs,19.5,%,withings
3/23/20,166.7,lbs,19.6,%,withings
3/28/20,168.4,lbs,19.4,%,withings
3/31/20,168,lbs,19.3,%,withings
4/2/20,166.9,lbs,20.2,%,withings
4/7/20,168.2,lbs,19.2,%,withings
4/9/20,167.6,lbs,19.1,%,withings
4/10/20,168.2,lbs,18.7,%,withings
4/13/20,169.1,lbs,18.7,%,withings
4/14/20,168,lbs,19.5,%,withings
4/15/20,167.6,lbs,20,%,withings
4/16/20,168.2,lbs,20.2,%,withings
4/16/20,168.2,lbs,20.1,%,withings
4/17/20,167.6,lbs,20.4,%,withings
4/20/20,168.7,lbs,19.8,%,withings
4/22/20,166.4,lbs,20.1,%,withings
4/24/20,167.3,lbs,20.1,%,withings
4/28/20,170.4,lbs,18.9,%,withings
4/29/20,169.1,lbs,19.6,%,withings
4/30/20,166.9,lbs,18.2,%,withings
5/2/20,167.1,lbs,20.5,%,withings
5/3/20,170,lbs,17.4,%,withings
5/5/20,169.1,lbs,18.3,%,withings
5/6/20,168,lbs,18.9,%,withings
5/7/20,168.7,lbs,19.3,%,withings
5/8/20,168.2,lbs,19.5,%,withings
5/10/20,169.1,lbs,20,%,withings
5/11/20,169.3,lbs,17.7,%,withings
5/12/20,170,lbs,19.1,%,withings
5/13/20,170,lbs,19.3,%,withings
5/14/20,171.3,lbs,19.3,%,withings
5/15/20,168.9,lbs,19.2,%,withings
5/16/20,171.1,lbs,18,%,withings
5/17/20,170,lbs,18.9,%,withings
5/18/20,169.3,lbs,19.1,%,withings
5/19/20,173.3,lbs,18.3,%,withings
5/19/20,170.9,lbs,19.8,%,withings
5/20/20,170.6,lbs,20.3,%,withings
5/21/20,172.4,lbs,21.2,%,withings
5/22/20,170,lbs,19.3,%,withings
5/23/20,170.6,lbs,17.6,%,withings
5/24/20,171.3,lbs,20,%,withings
5/25/20,172.2,lbs,18.9,%,withings
5/26/20,172.2,lbs,18.4,%,withings
5/27/20,172,lbs,17.3,%,withings
5/29/20,173.5,lbs,15.5,%,withings
5/29/20,173.5,lbs,15.3,%,withings
5/30/20,170.9,lbs,15.4,%,withings
5/31/20,170.6,lbs,19.5,%,withings
6/1/20,171.5,lbs,19.7,%,withings
6/2/20,170.6,lbs,19.5,%,withings
6/3/20,170.2,lbs,18.6,%,withings
6/4/20,171.1,lbs,17.5,%,withings
6/5/20,171.1,lbs,16,%,withings
6/6/20,172.2,lbs,17.9,%,withings
6/7/20,172.8,lbs,19,%,withings
6/8/20,172.8,lbs,18.7,%,withings
6/9/20,171.3,lbs,18.7,%,withings
6/10/20,170.2,lbs,18.6,%,withings
6/11/20,170,lbs,19.1,%,withings
6/12/20,171.5,lbs,18.8,%,withings
6/13/20,172.4,lbs,19.2,%,withings
6/14/20,171.7,lbs,18.3,%,withings
6/16/20,171.7,lbs,19,%,withings
1/2/20,168,lbs,29.2,%,fit3d
8/12/19,169.7,lbs,22.1,%,fit3d
7/8/19,169.6,lbs,24.9,%,fit3d
5/31/19,167.5,lbs,21.1,%,fit3d
5/3/19,165.3,lbs,25.7,%,fit3d
4/19/19,165,lbs,19,%,fit3d
3/13/19,163.1,lbs,26.9,%,fit3d
1/26/19,165.1,lbs,22.1,%,fit3d
12/5/18,163.2,lbs,18.1,%,fit3d
10/29/18,163.5,lbs,19.6,%,fit3d
10/29/18,164.1,lbs,21.6,%,fit3d
8/29/14,168,lbs,23.5,%,dexa
9/9/16,171.4,lbs,15.1,%,inbody
9/25/16,171.1,lbs,22.2,%,dexa
4/26/19,170.7,lbs,20.7,%,dexa